Offer Title,Offer Description,Expiry Date,Promocode,Offer Image,Link,Credit Card
Amazon Pay ICICI Bank Credit Card,Enjoy Exclusive Travel Discounts with Amazon Pay ICICI Bank Credit Card,"Valid till :  30th Jun, 2025",ICICIAMZ,https://images.emtcontent.com/offer-img/ICICIAMZ-09-may-25-sm.webp,https://www.easemytrip.com/offers/icici-bank.html,Amazon Pay ICICI
IDFC First Bank EMI,"Enjoy Up to INR 7,500 OFF* on Flight & Hotel Bookings with IDFC First Bank No Cost EMI","Valid till : 30th Jun, 2025",IDFC3EMI,https://images.emtcontent.com/offer-img/idfc-29-05-sm.webp,https://www.easemytrip.com/offers/idfc-bank-emi.html,IDFC Bank First Millennia
IDFC First Bank EMI,"Enjoy Up to INR 7,500 OFF* on Flight & Hotel Bookings with IDFC First Bank No Cost EMI","Valid till : 30th Jun, 2025",IDFC3EMI,https://images.emtcontent.com/offer-img/idfc-29-05-sm.webp,https://www.easemytrip.com/offers/idfc-bank-emi.html,IDFC First Power RuPay
IDFC First Bank EMI,"Enjoy Up to INR 7,500 OFF* on Flight & Hotel Bookings with IDFC First Bank No Cost EMI","Valid till : 30th Jun, 2025",IDFC3EMI,https://images.emtcontent.com/offer-img/idfc-29-05-sm.webp,https://www.easemytrip.com/offers/idfc-bank-emi.html,IDFC First Select
IDFC First Bank EMI,"Enjoy Up to INR 7,500 OFF* on Flight & Hotel Bookings with IDFC First Bank No Cost EMI","Valid till : 30th Jun, 2025",IDFC3EMI,https://images.emtcontent.com/offer-img/idfc-29-05-sm.webp,https://www.easemytrip.com/offers/idfc-bank-emi.html,IDFC Bank First Classic
IDFC First Bank EMI,"Enjoy Up to INR 7,500 OFF* on Flight & Hotel Bookings with IDFC First Bank No Cost EMI","Valid till : 30th Jun, 2025",IDFC3EMI,https://images.emtcontent.com/offer-img/idfc-29-05-sm.webp,https://www.easemytrip.com/offers/idfc-bank-emi.html,FIRST EARN RuPay
IDFC First Bank EMI,"Enjoy Up to INR 7,500 OFF* on Flight & Hotel Bookings with IDFC First Bank No Cost EMI","Valid till : 30th Jun, 2025",IDFC3EMI,https://images.emtcontent.com/offer-img/idfc-29-05-sm.webp,https://www.easemytrip.com/offers/idfc-bank-emi.html,IDFC First Power+ RuPay
IDFC First Bank EMI,"Enjoy Up to INR 7,500 OFF* on Flight & Hotel Bookings with IDFC First Bank No Cost EMI","Valid till : 30th Jun, 2025",IDFC3EMI,https://images.emtcontent.com/offer-img/idfc-29-05-sm.webp,https://www.easemytrip.com/offers/idfc-bank-emi.html,IDFC FIRST SWYP
IDFC First Bank EMI,"Enjoy Up to INR 7,500 OFF* on Flight & Hotel Bookings with IDFC First Bank No Cost EMI","Valid till : 30th Jun, 2025",IDFC3EMI,https://images.emtcontent.com/offer-img/idfc-29-05-sm.webp,https://www.easemytrip.com/offers/idfc-bank-emi.html,IDFC Bank IDFC First Wealth
IDFC First Bank EMI,"Enjoy Up to INR 7,500 OFF* on Flight & Hotel Bookings with IDFC First Bank No Cost EMI","Valid till : 30th Jun, 2025",IDFC3EMI,https://images.emtcontent.com/offer-img/idfc-29-05-sm.webp,https://www.easemytrip.com/offers/idfc-bank-emi.html,Mayura
IDFC First Bank EMI,"Enjoy Up to INR 7,500 OFF* on Flight & Hotel Bookings with IDFC First Bank No Cost EMI","Valid till : 30th Jun, 2025",IDFC3EMI,https://images.emtcontent.com/offer-img/idfc-29-05-sm.webp,https://www.easemytrip.com/offers/idfc-bank-emi.html,IDFC First Bank First Private
IDFC First Bank EMI,"Enjoy Up to INR 7,500 OFF* on Flight & Hotel Bookings with IDFC First Bank No Cost EMI","Valid till : 30th Jun, 2025",IDFC3EMI,https://images.emtcontent.com/offer-img/idfc-29-05-sm.webp,https://www.easemytrip.com/offers/idfc-bank-emi.html,Ashva
IDFC First Bank EMI,"Enjoy Up to INR 7,500 OFF* on Flight & Hotel Bookings with IDFC First Bank No Cost EMI","Valid till : 30th Jun, 2025",IDFC3EMI,https://images.emtcontent.com/offer-img/idfc-29-05-sm.webp,https://www.easemytrip.com/offers/idfc-bank-emi.html,IDFC First Bank First Wow
HDFC PIXEL Credit Card EMI,"Enjoy Up to INR 7,500 OFF* on Flight & Hotels Bookings with HDFC PIXEL Credit Card EMI","Valid till : 30th Jun, 2025",EMTPIXEMI,https://images.emtcontent.com/offer-img/hdfc-pixel-credit-card-sm1.webp,https://www.easemytrip.com/offers/hdfc-pixel-credit-card.html,HDFC Pixel
RBL Credit Cards EMI,Enjoy Big Festive Discounts on Travel Bookings with RBL Credit Card EMI,"Valid till :  30th Jun, 2025",RBLEMI,https://images.emtcontent.com/offer-img/rbl-bank-card-30august24-sm.png,https://www.easemytrip.com/offers/rbl-bank-card.html,RBL Bank Platinum Choice MasterCard
RBL Credit Cards EMI,Enjoy Big Festive Discounts on Travel Bookings with RBL Credit Card EMI,"Valid till :  30th Jun, 2025",RBLEMI,https://images.emtcontent.com/offer-img/rbl-bank-card-30august24-sm.png,https://www.easemytrip.com/offers/rbl-bank-card.html,RBL Bank Platinum Choice Visa
RBL Credit Cards EMI,Enjoy Big Festive Discounts on Travel Bookings with RBL Credit Card EMI,"Valid till :  30th Jun, 2025",RBLEMI,https://images.emtcontent.com/offer-img/rbl-bank-card-30august24-sm.png,https://www.easemytrip.com/offers/rbl-bank-card.html,RBL Bank World Plus Visa
RBL Credit Cards EMI,Enjoy Big Festive Discounts on Travel Bookings with RBL Credit Card EMI,"Valid till :  30th Jun, 2025",RBLEMI,https://images.emtcontent.com/offer-img/rbl-bank-card-30august24-sm.png,https://www.easemytrip.com/offers/rbl-bank-card.html,RBL Bank World Plus MasterCard
RBL Credit Cards EMI,Enjoy Big Festive Discounts on Travel Bookings with RBL Credit Card EMI,"Valid till :  30th Jun, 2025",RBLEMI,https://images.emtcontent.com/offer-img/rbl-bank-card-30august24-sm.png,https://www.easemytrip.com/offers/rbl-bank-card.html,RBL Bank Platinum Advantage MasterCard
RBL Credit Cards EMI,Enjoy Big Festive Discounts on Travel Bookings with RBL Credit Card EMI,"Valid till :  30th Jun, 2025",RBLEMI,https://images.emtcontent.com/offer-img/rbl-bank-card-30august24-sm.png,https://www.easemytrip.com/offers/rbl-bank-card.html,RBL Bank EasySaver MasterCard
RBL Credit Cards EMI,Enjoy Big Festive Discounts on Travel Bookings with RBL Credit Card EMI,"Valid till :  30th Jun, 2025",RBLEMI,https://images.emtcontent.com/offer-img/rbl-bank-card-30august24-sm.png,https://www.easemytrip.com/offers/rbl-bank-card.html,RBL Bank EasySaver Visa
RBL Credit Cards EMI,Enjoy Big Festive Discounts on Travel Bookings with RBL Credit Card EMI,"Valid till :  30th Jun, 2025",RBLEMI,https://images.emtcontent.com/offer-img/rbl-bank-card-30august24-sm.png,https://www.easemytrip.com/offers/rbl-bank-card.html,RBL Bank MyFirst MasterCard
RBL Credit Cards EMI,Enjoy Big Festive Discounts on Travel Bookings with RBL Credit Card EMI,"Valid till :  30th Jun, 2025",RBLEMI,https://images.emtcontent.com/offer-img/rbl-bank-card-30august24-sm.png,https://www.easemytrip.com/offers/rbl-bank-card.html,RBL Bank MyFirst Visa
RBL Credit Cards EMI,Enjoy Big Festive Discounts on Travel Bookings with RBL Credit Card EMI,"Valid till :  30th Jun, 2025",RBLEMI,https://images.emtcontent.com/offer-img/rbl-bank-card-30august24-sm.png,https://www.easemytrip.com/offers/rbl-bank-card.html,RBL Bank Binge Visa
RBL Credit Cards EMI,Enjoy Big Festive Discounts on Travel Bookings with RBL Credit Card EMI,"Valid till :  30th Jun, 2025",RBLEMI,https://images.emtcontent.com/offer-img/rbl-bank-card-30august24-sm.png,https://www.easemytrip.com/offers/rbl-bank-card.html,RBL Bank Binge MasterCard
RBL Credit Cards EMI,Enjoy Big Festive Discounts on Travel Bookings with RBL Credit Card EMI,"Valid till :  30th Jun, 2025",RBLEMI,https://images.emtcontent.com/offer-img/rbl-bank-card-30august24-sm.png,https://www.easemytrip.com/offers/rbl-bank-card.html,RBL Bank Platinum Shopgain MasterCard
RBL Credit Cards EMI,Enjoy Big Festive Discounts on Travel Bookings with RBL Credit Card EMI,"Valid till :  30th Jun, 2025",RBLEMI,https://images.emtcontent.com/offer-img/rbl-bank-card-30august24-sm.png,https://www.easemytrip.com/offers/rbl-bank-card.html,RBL Bank Platinum Shopgain Visa
RBL Credit Cards EMI,Enjoy Big Festive Discounts on Travel Bookings with RBL Credit Card EMI,"Valid till :  30th Jun, 2025",RBLEMI,https://images.emtcontent.com/offer-img/rbl-bank-card-30august24-sm.png,https://www.easemytrip.com/offers/rbl-bank-card.html,RBL Bank Platinum Bonus MasterCard
RBL Credit Cards EMI,Enjoy Big Festive Discounts on Travel Bookings with RBL Credit Card EMI,"Valid till :  30th Jun, 2025",RBLEMI,https://images.emtcontent.com/offer-img/rbl-bank-card-30august24-sm.png,https://www.easemytrip.com/offers/rbl-bank-card.html,RBL Bank Platinum Prime MasterCard
RBL Credit Cards EMI,Enjoy Big Festive Discounts on Travel Bookings with RBL Credit Card EMI,"Valid till :  30th Jun, 2025",RBLEMI,https://images.emtcontent.com/offer-img/rbl-bank-card-30august24-sm.png,https://www.easemytrip.com/offers/rbl-bank-card.html,RBL Bank World Max MasterCard
RBL Credit Cards EMI,Enjoy Big Festive Discounts on Travel Bookings with RBL Credit Card EMI,"Valid till :  30th Jun, 2025",RBLEMI,https://images.emtcontent.com/offer-img/rbl-bank-card-30august24-sm.png,https://www.easemytrip.com/offers/rbl-bank-card.html,RBL Bank World Max Visa
RBL Credit Cards EMI,Enjoy Big Festive Discounts on Travel Bookings with RBL Credit Card EMI,"Valid till :  30th Jun, 2025",RBLEMI,https://images.emtcontent.com/offer-img/rbl-bank-card-30august24-sm.png,https://www.easemytrip.com/offers/rbl-bank-card.html,RBL Bank Platinum ValuePlus MasterCard
RBL Credit Cards EMI,Enjoy Big Festive Discounts on Travel Bookings with RBL Credit Card EMI,"Valid till :  30th Jun, 2025",RBLEMI,https://images.emtcontent.com/offer-img/rbl-bank-card-30august24-sm.png,https://www.easemytrip.com/offers/rbl-bank-card.html,RBL Bank Platinum ValuePlus Visa
RBL Credit Cards EMI,Enjoy Big Festive Discounts on Travel Bookings with RBL Credit Card EMI,"Valid till :  30th Jun, 2025",RBLEMI,https://images.emtcontent.com/offer-img/rbl-bank-card-30august24-sm.png,https://www.easemytrip.com/offers/rbl-bank-card.html,RBL Bank Platinum ShopSmart MasterCard
RBL Credit Cards EMI,Enjoy Big Festive Discounts on Travel Bookings with RBL Credit Card EMI,"Valid till :  30th Jun, 2025",RBLEMI,https://images.emtcontent.com/offer-img/rbl-bank-card-30august24-sm.png,https://www.easemytrip.com/offers/rbl-bank-card.html,RBL Bank Platinum ShopSmart Visa
RBL Credit Cards EMI,Enjoy Big Festive Discounts on Travel Bookings with RBL Credit Card EMI,"Valid till :  30th Jun, 2025",RBLEMI,https://images.emtcontent.com/offer-img/rbl-bank-card-30august24-sm.png,https://www.easemytrip.com/offers/rbl-bank-card.html,RBL Bank Platinum TravelEasy MasterCard
RBL Credit Cards EMI,Enjoy Big Festive Discounts on Travel Bookings with RBL Credit Card EMI,"Valid till :  30th Jun, 2025",RBLEMI,https://images.emtcontent.com/offer-img/rbl-bank-card-30august24-sm.png,https://www.easemytrip.com/offers/rbl-bank-card.html,RBL Bank Platinum TravelEasy Visa
RBL Credit Cards EMI,Enjoy Big Festive Discounts on Travel Bookings with RBL Credit Card EMI,"Valid till :  30th Jun, 2025",RBLEMI,https://images.emtcontent.com/offer-img/rbl-bank-card-30august24-sm.png,https://www.easemytrip.com/offers/rbl-bank-card.html,RBL Bank World Prime MasterCard
RBL Credit Cards EMI,Enjoy Big Festive Discounts on Travel Bookings with RBL Credit Card EMI,"Valid till :  30th Jun, 2025",RBLEMI,https://images.emtcontent.com/offer-img/rbl-bank-card-30august24-sm.png,https://www.easemytrip.com/offers/rbl-bank-card.html,RBL Bank World Prime Visa
RBL Credit Cards EMI,Enjoy Big Festive Discounts on Travel Bookings with RBL Credit Card EMI,"Valid till :  30th Jun, 2025",RBLEMI,https://images.emtcontent.com/offer-img/rbl-bank-card-30august24-sm.png,https://www.easemytrip.com/offers/rbl-bank-card.html,RBL Bank Platinum Plus MasterCard
RBL Credit Cards EMI,Enjoy Big Festive Discounts on Travel Bookings with RBL Credit Card EMI,"Valid till :  30th Jun, 2025",RBLEMI,https://images.emtcontent.com/offer-img/rbl-bank-card-30august24-sm.png,https://www.easemytrip.com/offers/rbl-bank-card.html,RBL Bank Platinum Plus Visa
RBL Credit Cards EMI,Enjoy Big Festive Discounts on Travel Bookings with RBL Credit Card EMI,"Valid till :  30th Jun, 2025",RBLEMI,https://images.emtcontent.com/offer-img/rbl-bank-card-30august24-sm.png,https://www.easemytrip.com/offers/rbl-bank-card.html,RBL Bank Platinum ShopDaily MasterCard
RBL Credit Cards EMI,Enjoy Big Festive Discounts on Travel Bookings with RBL Credit Card EMI,"Valid till :  30th Jun, 2025",RBLEMI,https://images.emtcontent.com/offer-img/rbl-bank-card-30august24-sm.png,https://www.easemytrip.com/offers/rbl-bank-card.html,RBL Bank Platinum ShopDaily Visa
RBL Credit Cards EMI,Enjoy Big Festive Discounts on Travel Bookings with RBL Credit Card EMI,"Valid till :  30th Jun, 2025",RBLEMI,https://images.emtcontent.com/offer-img/rbl-bank-card-30august24-sm.png,https://www.easemytrip.com/offers/rbl-bank-card.html,RBL Bank Platinum Edge Visa
RBL Credit Cards EMI,Enjoy Big Festive Discounts on Travel Bookings with RBL Credit Card EMI,"Valid till :  30th Jun, 2025",RBLEMI,https://images.emtcontent.com/offer-img/rbl-bank-card-30august24-sm.png,https://www.easemytrip.com/offers/rbl-bank-card.html,RBL Bank Platinum Edge MasterCard
RBL Credit Cards EMI,Enjoy Big Festive Discounts on Travel Bookings with RBL Credit Card EMI,"Valid till :  30th Jun, 2025",RBLEMI,https://images.emtcontent.com/offer-img/rbl-bank-card-30august24-sm.png,https://www.easemytrip.com/offers/rbl-bank-card.html,RBL Bank Platinum LifeEasy Visa
RBL Credit Cards EMI,Enjoy Big Festive Discounts on Travel Bookings with RBL Credit Card EMI,"Valid till :  30th Jun, 2025",RBLEMI,https://images.emtcontent.com/offer-img/rbl-bank-card-30august24-sm.png,https://www.easemytrip.com/offers/rbl-bank-card.html,RBL Bank Platinum LifeEasy MasterCard
RBL Credit Cards EMI,Enjoy Big Festive Discounts on Travel Bookings with RBL Credit Card EMI,"Valid till :  30th Jun, 2025",RBLEMI,https://images.emtcontent.com/offer-img/rbl-bank-card-30august24-sm.png,https://www.easemytrip.com/offers/rbl-bank-card.html,RBL Bank DMI Finance Visa
RBL Credit Cards EMI,Enjoy Big Festive Discounts on Travel Bookings with RBL Credit Card EMI,"Valid till :  30th Jun, 2025",RBLEMI,https://images.emtcontent.com/offer-img/rbl-bank-card-30august24-sm.png,https://www.easemytrip.com/offers/rbl-bank-card.html,RBL Bank Play Visa
RBL Credit Cards EMI,Enjoy Big Festive Discounts on Travel Bookings with RBL Credit Card EMI,"Valid till :  30th Jun, 2025",RBLEMI,https://images.emtcontent.com/offer-img/rbl-bank-card-30august24-sm.png,https://www.easemytrip.com/offers/rbl-bank-card.html,RBL Bank Novio RuPay
RBL Credit Cards EMI,Enjoy Big Festive Discounts on Travel Bookings with RBL Credit Card EMI,"Valid till :  30th Jun, 2025",RBLEMI,https://images.emtcontent.com/offer-img/rbl-bank-card-30august24-sm.png,https://www.easemytrip.com/offers/rbl-bank-card.html,IndianOil RBL Bank MasterCard
RBL Credit Cards EMI,Enjoy Big Festive Discounts on Travel Bookings with RBL Credit Card EMI,"Valid till :  30th Jun, 2025",RBLEMI,https://images.emtcontent.com/offer-img/rbl-bank-card-30august24-sm.png,https://www.easemytrip.com/offers/rbl-bank-card.html,TVS Credit RBL Bank Gold Mastercard Card
RBL Credit Cards EMI,Enjoy Big Festive Discounts on Travel Bookings with RBL Credit Card EMI,"Valid till :  30th Jun, 2025",RBLEMI,https://images.emtcontent.com/offer-img/rbl-bank-card-30august24-sm.png,https://www.easemytrip.com/offers/rbl-bank-card.html,TVS Credit RBL Bank RuPay Card
RBL Credit Cards EMI,Enjoy Big Festive Discounts on Travel Bookings with RBL Credit Card EMI,"Valid till :  30th Jun, 2025",RBLEMI,https://images.emtcontent.com/offer-img/rbl-bank-card-30august24-sm.png,https://www.easemytrip.com/offers/rbl-bank-card.html,RBL Bank SalarySe Up RuPay
RBL Credit Cards EMI,Enjoy Big Festive Discounts on Travel Bookings with RBL Credit Card EMI,"Valid till :  30th Jun, 2025",RBLEMI,https://images.emtcontent.com/offer-img/rbl-bank-card-30august24-sm.png,https://www.easemytrip.com/offers/rbl-bank-card.html,RBL Bank Patanjali Vishisht RuPay Card
RBL Credit Cards EMI,Enjoy Big Festive Discounts on Travel Bookings with RBL Credit Card EMI,"Valid till :  30th Jun, 2025",RBLEMI,https://images.emtcontent.com/offer-img/rbl-bank-card-30august24-sm.png,https://www.easemytrip.com/offers/rbl-bank-card.html,IndianOil RBL Bank XTRA MasterCard
RBL Credit Cards EMI,Enjoy Big Festive Discounts on Travel Bookings with RBL Credit Card EMI,"Valid till :  30th Jun, 2025",RBLEMI,https://images.emtcontent.com/offer-img/rbl-bank-card-30august24-sm.png,https://www.easemytrip.com/offers/rbl-bank-card.html,RBL Bank Patanjali Swarn RuPay Card
RBL Credit Cards EMI,Enjoy Big Festive Discounts on Travel Bookings with RBL Credit Card EMI,"Valid till :  30th Jun, 2025",RBLEMI,https://images.emtcontent.com/offer-img/rbl-bank-card-30august24-sm.png,https://www.easemytrip.com/offers/rbl-bank-card.html,RBL Bank Movies and More
RBL Credit Cards EMI,Enjoy Big Festive Discounts on Travel Bookings with RBL Credit Card EMI,"Valid till :  30th Jun, 2025",RBLEMI,https://images.emtcontent.com/offer-img/rbl-bank-card-30august24-sm.png,https://www.easemytrip.com/offers/rbl-bank-card.html,RBL Bank Shoprite
RBL Credit Cards EMI,Enjoy Big Festive Discounts on Travel Bookings with RBL Credit Card EMI,"Valid till :  30th Jun, 2025",RBLEMI,https://images.emtcontent.com/offer-img/rbl-bank-card-30august24-sm.png,https://www.easemytrip.com/offers/rbl-bank-card.html,RBL Bank Play
RBL Credit Cards EMI,Enjoy Big Festive Discounts on Travel Bookings with RBL Credit Card EMI,"Valid till :  30th Jun, 2025",RBLEMI,https://images.emtcontent.com/offer-img/rbl-bank-card-30august24-sm.png,https://www.easemytrip.com/offers/rbl-bank-card.html,RBL Bank Platinum Delight
RBL Credit Cards EMI,Enjoy Big Festive Discounts on Travel Bookings with RBL Credit Card EMI,"Valid till :  30th Jun, 2025",RBLEMI,https://images.emtcontent.com/offer-img/rbl-bank-card-30august24-sm.png,https://www.easemytrip.com/offers/rbl-bank-card.html,RBL Bank World Safari
RBL Credit Cards EMI,Enjoy Big Festive Discounts on Travel Bookings with RBL Credit Card EMI,"Valid till :  30th Jun, 2025",RBLEMI,https://images.emtcontent.com/offer-img/rbl-bank-card-30august24-sm.png,https://www.easemytrip.com/offers/rbl-bank-card.html,Bankbazaar Savemax Pro
RBL Credit Cards EMI,Enjoy Big Festive Discounts on Travel Bookings with RBL Credit Card EMI,"Valid till :  30th Jun, 2025",RBLEMI,https://images.emtcontent.com/offer-img/rbl-bank-card-30august24-sm.png,https://www.easemytrip.com/offers/rbl-bank-card.html,RBL Bank Lazy Pay
RBL Credit Cards EMI,Enjoy Big Festive Discounts on Travel Bookings with RBL Credit Card EMI,"Valid till :  30th Jun, 2025",RBLEMI,https://images.emtcontent.com/offer-img/rbl-bank-card-30august24-sm.png,https://www.easemytrip.com/offers/rbl-bank-card.html,MoneyTap Black Card
RBL Credit Cards EMI,Enjoy Big Festive Discounts on Travel Bookings with RBL Credit Card EMI,"Valid till :  30th Jun, 2025",RBLEMI,https://images.emtcontent.com/offer-img/rbl-bank-card-30august24-sm.png,https://www.easemytrip.com/offers/rbl-bank-card.html,Platinum Maxima Plus Card
RBL Credit Cards EMI,Enjoy Big Festive Discounts on Travel Bookings with RBL Credit Card EMI,"Valid till :  30th Jun, 2025",RBLEMI,https://images.emtcontent.com/offer-img/rbl-bank-card-30august24-sm.png,https://www.easemytrip.com/offers/rbl-bank-card.html,RBL Bank MoneyTap
RBL Credit Cards EMI,Enjoy Big Festive Discounts on Travel Bookings with RBL Credit Card EMI,"Valid till :  30th Jun, 2025",RBLEMI,https://images.emtcontent.com/offer-img/rbl-bank-card-30august24-sm.png,https://www.easemytrip.com/offers/rbl-bank-card.html,RBL Bank Icon
RBL Credit Cards EMI,Enjoy Big Festive Discounts on Travel Bookings with RBL Credit Card EMI,"Valid till :  30th Jun, 2025",RBLEMI,https://images.emtcontent.com/offer-img/rbl-bank-card-30august24-sm.png,https://www.easemytrip.com/offers/rbl-bank-card.html,RBL Bank Monthly Treats
RBL Credit Cards EMI,Enjoy Big Festive Discounts on Travel Bookings with RBL Credit Card EMI,"Valid till :  30th Jun, 2025",RBLEMI,https://images.emtcontent.com/offer-img/rbl-bank-card-30august24-sm.png,https://www.easemytrip.com/offers/rbl-bank-card.html,RBL Bank iGlobe
RBL Credit Cards EMI,Enjoy Big Festive Discounts on Travel Bookings with RBL Credit Card EMI,"Valid till :  30th Jun, 2025",RBLEMI,https://images.emtcontent.com/offer-img/rbl-bank-card-30august24-sm.png,https://www.easemytrip.com/offers/rbl-bank-card.html,RBL Bank Paisabazaar Duet Card Plus
RBL Credit Cards EMI,Enjoy Big Festive Discounts on Travel Bookings with RBL Credit Card EMI,"Valid till :  30th Jun, 2025",RBLEMI,https://images.emtcontent.com/offer-img/rbl-bank-card-30august24-sm.png,https://www.easemytrip.com/offers/rbl-bank-card.html,IRCTC RBL Bank RuPay
RBL Credit Cards EMI,Enjoy Big Festive Discounts on Travel Bookings with RBL Credit Card EMI,"Valid till :  30th Jun, 2025",RBLEMI,https://images.emtcontent.com/offer-img/rbl-bank-card-30august24-sm.png,https://www.easemytrip.com/offers/rbl-bank-card.html,RBL Bank Cookie
RBL Credit Cards EMI,Enjoy Big Festive Discounts on Travel Bookings with RBL Credit Card EMI,"Valid till :  30th Jun, 2025",RBLEMI,https://images.emtcontent.com/offer-img/rbl-bank-card-30august24-sm.png,https://www.easemytrip.com/offers/rbl-bank-card.html,IndianOil RBL Bank RuPay
RBL Credit Cards EMI,Enjoy Big Festive Discounts on Travel Bookings with RBL Credit Card EMI,"Valid till :  30th Jun, 2025",RBLEMI,https://images.emtcontent.com/offer-img/rbl-bank-card-30august24-sm.png,https://www.easemytrip.com/offers/rbl-bank-card.html,IndianOil RBL Bank XTRA RuPay
RBL Credit Cards EMI,Enjoy Big Festive Discounts on Travel Bookings with RBL Credit Card EMI,"Valid till :  30th Jun, 2025",RBLEMI,https://images.emtcontent.com/offer-img/rbl-bank-card-30august24-sm.png,https://www.easemytrip.com/offers/rbl-bank-card.html,BankBazaar SaveMax
RBL Credit Cards EMI,Enjoy Big Festive Discounts on Travel Bookings with RBL Credit Card EMI,"Valid till :  30th Jun, 2025",RBLEMI,https://images.emtcontent.com/offer-img/rbl-bank-card-30august24-sm.png,https://www.easemytrip.com/offers/rbl-bank-card.html,RBL Bank Platinum Maxima
RBL Credit Cards EMI,Enjoy Big Festive Discounts on Travel Bookings with RBL Credit Card EMI,"Valid till :  30th Jun, 2025",RBLEMI,https://images.emtcontent.com/offer-img/rbl-bank-card-30august24-sm.png,https://www.easemytrip.com/offers/rbl-bank-card.html,RBL Bank VCard
RBL Credit Cards EMI,Enjoy Big Festive Discounts on Travel Bookings with RBL Credit Card EMI,"Valid till :  30th Jun, 2025",RBLEMI,https://images.emtcontent.com/offer-img/rbl-bank-card-30august24-sm.png,https://www.easemytrip.com/offers/rbl-bank-card.html,Insignia Preferred Banking Card
RBL Credit Cards EMI,Enjoy Big Festive Discounts on Travel Bookings with RBL Credit Card EMI,"Valid till :  30th Jun, 2025",RBLEMI,https://images.emtcontent.com/offer-img/rbl-bank-card-30august24-sm.png,https://www.easemytrip.com/offers/rbl-bank-card.html,Mo Cash
RBL Credit Cards EMI,Enjoy Big Festive Discounts on Travel Bookings with RBL Credit Card EMI,"Valid till :  30th Jun, 2025",RBLEMI,https://images.emtcontent.com/offer-img/rbl-bank-card-30august24-sm.png,https://www.easemytrip.com/offers/rbl-bank-card.html,RBL Bank Paisabazaar Duet Card
,,,,,,
HSBC TravelOne Credit Card,Enjoy Amazing Discounts on Travel Bookings with HSBC TravelOne Credit Cards only,"Valid till :  31st Dec, 2025",EMTHSBCT1,https://images.emtcontent.com/offer-img/hsbc-20feb25-sm.webp,https://www.easemytrip.com/offers/hsbc-bank-card.html,HSBC Travel One
ICICI Bank Credit Cards,"Save huge on Flight, Hotel & Bus Bookings using ICICI Bank Credit Cards","Valid till : 30th Jun, 2025",ICICIEMT,https://images.emtcontent.com/offer-img/ICICIEMT-10-04-25-sm.webp,https://www.easemytrip.com/offers/icici-bank-credit-card.html,ICICI Bank Rubyx RuPay
ICICI Bank Credit Cards,"Save huge on Flight, Hotel & Bus Bookings using ICICI Bank Credit Cards","Valid till : 30th Jun, 2025",ICICIEMT,https://images.emtcontent.com/offer-img/ICICIEMT-10-04-25-sm.webp,https://www.easemytrip.com/offers/icici-bank-credit-card.html,ICICI Bank Coral RuPay
ICICI Bank Credit Cards,"Save huge on Flight, Hotel & Bus Bookings using ICICI Bank Credit Cards","Valid till : 30th Jun, 2025",ICICIEMT,https://images.emtcontent.com/offer-img/ICICIEMT-10-04-25-sm.webp,https://www.easemytrip.com/offers/icici-bank-credit-card.html,ICICI Bank HPCL Super Saver RuPay
ICICI Bank Credit Cards,"Save huge on Flight, Hotel & Bus Bookings using ICICI Bank Credit Cards","Valid till : 30th Jun, 2025",ICICIEMT,https://images.emtcontent.com/offer-img/ICICIEMT-10-04-25-sm.webp,https://www.easemytrip.com/offers/icici-bank-credit-card.html,ICICI Bank Instant Platinum
ICICI Bank Credit Cards,"Save huge on Flight, Hotel & Bus Bookings using ICICI Bank Credit Cards","Valid till : 30th Jun, 2025",ICICIEMT,https://images.emtcontent.com/offer-img/ICICIEMT-10-04-25-sm.webp,https://www.easemytrip.com/offers/icici-bank-credit-card.html,Skywards ICICI Bank Sapphiro
ICICI Bank Credit Cards,"Save huge on Flight, Hotel & Bus Bookings using ICICI Bank Credit Cards","Valid till : 30th Jun, 2025",ICICIEMT,https://images.emtcontent.com/offer-img/ICICIEMT-10-04-25-sm.webp,https://www.easemytrip.com/offers/icici-bank-credit-card.html,ICICI Bank HPCL Super Saver Visa
ICICI Bank Credit Cards,"Save huge on Flight, Hotel & Bus Bookings using ICICI Bank Credit Cards","Valid till : 30th Jun, 2025",ICICIEMT,https://images.emtcontent.com/offer-img/ICICIEMT-10-04-25-sm.webp,https://www.easemytrip.com/offers/icici-bank-credit-card.html,Accelero ICICI Bank
ICICI Bank Credit Cards,"Save huge on Flight, Hotel & Bus Bookings using ICICI Bank Credit Cards","Valid till : 30th Jun, 2025",ICICIEMT,https://images.emtcontent.com/offer-img/ICICIEMT-10-04-25-sm.webp,https://www.easemytrip.com/offers/icici-bank-credit-card.html,ICICI Manchester United Platinum
ICICI Bank Credit Cards,"Save huge on Flight, Hotel & Bus Bookings using ICICI Bank Credit Cards","Valid till : 30th Jun, 2025",ICICIEMT,https://images.emtcontent.com/offer-img/ICICIEMT-10-04-25-sm.webp,https://www.easemytrip.com/offers/icici-bank-credit-card.html,ICICI Bank Rubyx Visa
ICICI Bank Credit Cards,"Save huge on Flight, Hotel & Bus Bookings using ICICI Bank Credit Cards","Valid till : 30th Jun, 2025",ICICIEMT,https://images.emtcontent.com/offer-img/ICICIEMT-10-04-25-sm.webp,https://www.easemytrip.com/offers/icici-bank-credit-card.html,Adani One ICICI Platinum
ICICI Bank Credit Cards,"Save huge on Flight, Hotel & Bus Bookings using ICICI Bank Credit Cards","Valid till : 30th Jun, 2025",ICICIEMT,https://images.emtcontent.com/offer-img/ICICIEMT-10-04-25-sm.webp,https://www.easemytrip.com/offers/icici-bank-credit-card.html,ICICI Manchester United Signature
ICICI Bank Credit Cards,"Save huge on Flight, Hotel & Bus Bookings using ICICI Bank Credit Cards","Valid till : 30th Jun, 2025",ICICIEMT,https://images.emtcontent.com/offer-img/ICICIEMT-10-04-25-sm.webp,https://www.easemytrip.com/offers/icici-bank-credit-card.html,Expressions
ICICI Bank Credit Cards,"Save huge on Flight, Hotel & Bus Bookings using ICICI Bank Credit Cards","Valid till : 30th Jun, 2025",ICICIEMT,https://images.emtcontent.com/offer-img/ICICIEMT-10-04-25-sm.webp,https://www.easemytrip.com/offers/icici-bank-credit-card.html,ICICI Parakram
ICICI Bank Credit Cards,"Save huge on Flight, Hotel & Bus Bookings using ICICI Bank Credit Cards","Valid till : 30th Jun, 2025",ICICIEMT,https://images.emtcontent.com/offer-img/ICICIEMT-10-04-25-sm.webp,https://www.easemytrip.com/offers/icici-bank-credit-card.html,ICICI Bank Times Black
ICICI Bank Credit Cards,"Save huge on Flight, Hotel & Bus Bookings using ICICI Bank Credit Cards","Valid till : 30th Jun, 2025",ICICIEMT,https://images.emtcontent.com/offer-img/ICICIEMT-10-04-25-sm.webp,https://www.easemytrip.com/offers/icici-bank-credit-card.html,Adani One ICICI Signature
ICICI Bank Credit Cards,"Save huge on Flight, Hotel & Bus Bookings using ICICI Bank Credit Cards","Valid till : 30th Jun, 2025",ICICIEMT,https://images.emtcontent.com/offer-img/ICICIEMT-10-04-25-sm.webp,https://www.easemytrip.com/offers/icici-bank-credit-card.html,Chennai Super Kings ICICI Bank
,,,,,,
ICICI Bank Credit Cards,"Save huge on Flight, Hotel & Bus Bookings using ICICI Bank Credit Cards","Valid till : 30th Jun, 2025",ICICIEMT,https://images.emtcontent.com/offer-img/ICICIEMT-10-04-25-sm.webp,https://www.easemytrip.com/offers/icici-bank-credit-card.html,ICICI HPCL Coral
ICICI Bank Credit Cards,"Save huge on Flight, Hotel & Bus Bookings using ICICI Bank Credit Cards","Valid till : 30th Jun, 2025",ICICIEMT,https://images.emtcontent.com/offer-img/ICICIEMT-10-04-25-sm.webp,https://www.easemytrip.com/offers/icici-bank-credit-card.html,ICICI Bank Coral Visa
ICICI Bank Credit Cards,"Save huge on Flight, Hotel & Bus Bookings using ICICI Bank Credit Cards","Valid till : 30th Jun, 2025",ICICIEMT,https://images.emtcontent.com/offer-img/ICICIEMT-10-04-25-sm.webp,https://www.easemytrip.com/offers/icici-bank-credit-card.html,ICICI Bank Emeralde
ICICI Bank Credit Cards,"Save huge on Flight, Hotel & Bus Bookings using ICICI Bank Credit Cards","Valid till : 30th Jun, 2025",ICICIEMT,https://images.emtcontent.com/offer-img/ICICIEMT-10-04-25-sm.webp,https://www.easemytrip.com/offers/icici-bank-credit-card.html,ICICI Parakram Select
ICICI Bank Credit Cards,"Save huge on Flight, Hotel & Bus Bookings using ICICI Bank Credit Cards","Valid till : 30th Jun, 2025",ICICIEMT,https://images.emtcontent.com/offer-img/ICICIEMT-10-04-25-sm.webp,https://www.easemytrip.com/offers/icici-bank-credit-card.html,Emirates Skywards Rubyx
ICICI Bank Credit Cards,"Save huge on Flight, Hotel & Bus Bookings using ICICI Bank Credit Cards","Valid till : 30th Jun, 2025",ICICIEMT,https://images.emtcontent.com/offer-img/ICICIEMT-10-04-25-sm.webp,https://www.easemytrip.com/offers/icici-bank-credit-card.html,ICICI Bank Sapphiro
ICICI Bank Credit Cards,"Save huge on Flight, Hotel & Bus Bookings using ICICI Bank Credit Cards","Valid till : 30th Jun, 2025",ICICIEMT,https://images.emtcontent.com/offer-img/ICICIEMT-10-04-25-sm.webp,https://www.easemytrip.com/offers/icici-bank-credit-card.html,MakeMyTrip ICICI Bank Platinum
ICICI Bank Credit Cards,"Save huge on Flight, Hotel & Bus Bookings using ICICI Bank Credit Cards","Valid till : 30th Jun, 2025",ICICIEMT,https://images.emtcontent.com/offer-img/ICICIEMT-10-04-25-sm.webp,https://www.easemytrip.com/offers/icici-bank-credit-card.html,MakeMyTrip ICICI Bank
ICICI Bank Credit Cards,"Save huge on Flight, Hotel & Bus Bookings using ICICI Bank Credit Cards","Valid till : 30th Jun, 2025",ICICIEMT,https://images.emtcontent.com/offer-img/ICICIEMT-10-04-25-sm.webp,https://www.easemytrip.com/offers/icici-bank-credit-card.html,Platinum Chip
ICICI Bank Credit Cards,"Save huge on Flight, Hotel & Bus Bookings using ICICI Bank Credit Cards","Valid till : 30th Jun, 2025",ICICIEMT,https://images.emtcontent.com/offer-img/ICICIEMT-10-04-25-sm.webp,https://www.easemytrip.com/offers/icici-bank-credit-card.html,MakeMyTrip ICICI Bank Signature
ICICI Bank Credit Cards,"Save huge on Flight, Hotel & Bus Bookings using ICICI Bank Credit Cards","Valid till : 30th Jun, 2025",ICICIEMT,https://images.emtcontent.com/offer-img/ICICIEMT-10-04-25-sm.webp,https://www.easemytrip.com/offers/icici-bank-credit-card.html,Skywards ICICI Bank Emerald
ICICI Bank Credit Cards,"Save huge on Flight, Hotel & Bus Bookings using ICICI Bank Credit Cards","Valid till : 30th Jun, 2025",ICICIEMT,https://images.emtcontent.com/offer-img/ICICIEMT-10-04-25-sm.webp,https://www.easemytrip.com/offers/icici-bank-credit-card.html,All ICICI Bank
ICICI Bank Credit Cards,"Save huge on Flight, Hotel & Bus Bookings using ICICI Bank Credit Cards","Valid till : 30th Jun, 2025",ICICIEMT,https://images.emtcontent.com/offer-img/ICICIEMT-10-04-25-sm.webp,https://www.easemytrip.com/offers/icici-bank-credit-card.html,s except ICICI Amazon Pay
HSBC Bank,Grab Up to INR 5000 OFF* on Flight & Hotels Bookings with HSBC Bank Credit Card EMI,"Valid till :  30th Jun, 2025",HSBCEMI,https://images.emtcontent.com/offer-img/hsbc-credit-card-emi-1apr25-sm.webp,https://www.easemytrip.com/offers/hsbc-credit-card-emi.html,HSBC TravelOne Mastercard
HSBC Bank,Grab Up to INR 5000 OFF* on Flight & Hotels Bookings with HSBC Bank Credit Card EMI,"Valid till :  30th Jun, 2025",HSBCEMI,https://images.emtcontent.com/offer-img/hsbc-credit-card-emi-1apr25-sm.webp,https://www.easemytrip.com/offers/hsbc-credit-card-emi.html,HSBC Visa Platinum
HSBC Bank,Grab Up to INR 5000 OFF* on Flight & Hotels Bookings with HSBC Bank Credit Card EMI,"Valid till :  30th Jun, 2025",HSBCEMI,https://images.emtcontent.com/offer-img/hsbc-credit-card-emi-1apr25-sm.webp,https://www.easemytrip.com/offers/hsbc-credit-card-emi.html,HSBC Taj
HSBC Bank,Grab Up to INR 5000 OFF* on Flight & Hotels Bookings with HSBC Bank Credit Card EMI,"Valid till :  30th Jun, 2025",HSBCEMI,https://images.emtcontent.com/offer-img/hsbc-credit-card-emi-1apr25-sm.webp,https://www.easemytrip.com/offers/hsbc-credit-card-emi.html,HSBC Live+
HSBC Bank,Grab Up to INR 5000 OFF* on Flight & Hotels Bookings with HSBC Bank Credit Card EMI,"Valid till :  30th Jun, 2025",HSBCEMI,https://images.emtcontent.com/offer-img/hsbc-credit-card-emi-1apr25-sm.webp,https://www.easemytrip.com/offers/hsbc-credit-card-emi.html,HSBC Premier Mastercard?
Federal Bank EMI,Save Huge and Avail Discounts on Flight Ticket Bookings with Federal Bank Credit Cards EMI,"Valid till :  30th Jun, 2025",EMTFEDEMI,https://images.emtcontent.com/offer-img/federal-bank-credit-card-6mar25-mob.webp,https://www.easemytrip.com/offers/federal-bank-credit-card.html,Fed StarBiz RuPay
Federal Bank EMI,Save Huge and Avail Discounts on Flight Ticket Bookings with Federal Bank Credit Cards EMI,"Valid till :  30th Jun, 2025",EMTFEDEMI,https://images.emtcontent.com/offer-img/federal-bank-credit-card-6mar25-mob.webp,https://www.easemytrip.com/offers/federal-bank-credit-card.html,Federal Bank Mastercard Signet
Federal Bank EMI,Save Huge and Avail Discounts on Flight Ticket Bookings with Federal Bank Credit Cards EMI,"Valid till :  30th Jun, 2025",EMTFEDEMI,https://images.emtcontent.com/offer-img/federal-bank-credit-card-6mar25-mob.webp,https://www.easemytrip.com/offers/federal-bank-credit-card.html,Federal Bank MagniFi
Federal Bank EMI,Save Huge and Avail Discounts on Flight Ticket Bookings with Federal Bank Credit Cards EMI,"Valid till :  30th Jun, 2025",EMTFEDEMI,https://images.emtcontent.com/offer-img/federal-bank-credit-card-6mar25-mob.webp,https://www.easemytrip.com/offers/federal-bank-credit-card.html,Federal Bank AmpliFi
Federal Bank EMI,Save Huge and Avail Discounts on Flight Ticket Bookings with Federal Bank Credit Cards EMI,"Valid till :  30th Jun, 2025",EMTFEDEMI,https://images.emtcontent.com/offer-img/federal-bank-credit-card-6mar25-mob.webp,https://www.easemytrip.com/offers/federal-bank-credit-card.html,Federal Bank Wave
Federal Bank EMI,Save Huge and Avail Discounts on Flight Ticket Bookings with Federal Bank Credit Cards EMI,"Valid till :  30th Jun, 2025",EMTFEDEMI,https://images.emtcontent.com/offer-img/federal-bank-credit-card-6mar25-mob.webp,https://www.easemytrip.com/offers/federal-bank-credit-card.html,Federal Bank Rupay Signet
Federal Bank EMI,Save Huge and Avail Discounts on Flight Ticket Bookings with Federal Bank Credit Cards EMI,"Valid till :  30th Jun, 2025",EMTFEDEMI,https://images.emtcontent.com/offer-img/federal-bank-credit-card-6mar25-mob.webp,https://www.easemytrip.com/offers/federal-bank-credit-card.html,Federal Bank Scapia
Federal Bank EMI,Save Huge and Avail Discounts on Flight Ticket Bookings with Federal Bank Credit Cards EMI,"Valid till :  30th Jun, 2025",EMTFEDEMI,https://images.emtcontent.com/offer-img/federal-bank-credit-card-6mar25-mob.webp,https://www.easemytrip.com/offers/federal-bank-credit-card.html,Federal Bank Visa Celesta
Federal Bank EMI,Save Huge and Avail Discounts on Flight Ticket Bookings with Federal Bank Credit Cards EMI,"Valid till :  30th Jun, 2025",EMTFEDEMI,https://images.emtcontent.com/offer-img/federal-bank-credit-card-6mar25-mob.webp,https://www.easemytrip.com/offers/federal-bank-credit-card.html,Federal Bank Visa Imperio
BOB EMT Debit Cards,"Enjoy Amazing Discounts on Flights, Hotels, Bus with BOB EMT Debit Cards","Valid till :  31st Dec, 2025",EMTBOBDC,https://images.emtcontent.com/offer-img/bob-bank-18mar25-sm3.webp,https://www.easemytrip.com/offers/bob-bank.html,BarodaEaseMyTrip
HDFC EasyEMI,Enjoy Massive Discounts on Flight Bookings with HDFC Bank EasyEMI & No Cost EMI,"Valid till : 30th Jun, 2025",HDFCEMI,https://images.emtcontent.com/offer-img/hdfc-emi-29jun24-sm3.webp,https://www.easemytrip.com/offers/hdfc-bank-easy-emi.html,HDFC Bank MoneyBack Plus RuPay
HDFC EasyEMI,Enjoy Massive Discounts on Flight Bookings with HDFC Bank EasyEMI & No Cost EMI,"Valid till : 30th Jun, 2025",HDFCEMI,https://images.emtcontent.com/offer-img/hdfc-emi-29jun24-sm3.webp,https://www.easemytrip.com/offers/hdfc-bank-easy-emi.html,HDFC Bank Biz Power Visa
HDFC EasyEMI,Enjoy Massive Discounts on Flight Bookings with HDFC Bank EasyEMI & No Cost EMI,"Valid till : 30th Jun, 2025",HDFCEMI,https://images.emtcontent.com/offer-img/hdfc-emi-29jun24-sm3.webp,https://www.easemytrip.com/offers/hdfc-bank-easy-emi.html,HDFC Bank Biz Power RuPay
HDFC EasyEMI,Enjoy Massive Discounts on Flight Bookings with HDFC Bank EasyEMI & No Cost EMI,"Valid till : 30th Jun, 2025",HDFCEMI,https://images.emtcontent.com/offer-img/hdfc-emi-29jun24-sm3.webp,https://www.easemytrip.com/offers/hdfc-bank-easy-emi.html,HDFC Bank Biz Grow RuPay
HDFC EasyEMI,Enjoy Massive Discounts on Flight Bookings with HDFC Bank EasyEMI & No Cost EMI,"Valid till : 30th Jun, 2025",HDFCEMI,https://images.emtcontent.com/offer-img/hdfc-emi-29jun24-sm3.webp,https://www.easemytrip.com/offers/hdfc-bank-easy-emi.html,HDFC Pixel Go RuPay
HDFC EasyEMI,Enjoy Massive Discounts on Flight Bookings with HDFC Bank EasyEMI & No Cost EMI,"Valid till : 30th Jun, 2025",HDFCEMI,https://images.emtcontent.com/offer-img/hdfc-emi-29jun24-sm3.webp,https://www.easemytrip.com/offers/hdfc-bank-easy-emi.html,Tata Neu Plus HDFC Bank Visa
HDFC EasyEMI,Enjoy Massive Discounts on Flight Bookings with HDFC Bank EasyEMI & No Cost EMI,"Valid till : 30th Jun, 2025",HDFCEMI,https://images.emtcontent.com/offer-img/hdfc-emi-29jun24-sm3.webp,https://www.easemytrip.com/offers/hdfc-bank-easy-emi.html,Tata Neu Infinity HDFC Bank RuPay
HDFC EasyEMI,Enjoy Massive Discounts on Flight Bookings with HDFC Bank EasyEMI & No Cost EMI,"Valid till : 30th Jun, 2025",HDFCEMI,https://images.emtcontent.com/offer-img/hdfc-emi-29jun24-sm3.webp,https://www.easemytrip.com/offers/hdfc-bank-easy-emi.html,IndianOil HDFC Bank RuPay
HDFC EasyEMI,Enjoy Massive Discounts on Flight Bookings with HDFC Bank EasyEMI & No Cost EMI,"Valid till : 30th Jun, 2025",HDFCEMI,https://images.emtcontent.com/offer-img/hdfc-emi-29jun24-sm3.webp,https://www.easemytrip.com/offers/hdfc-bank-easy-emi.html,HDFC Regalia Gold
HDFC EasyEMI,Enjoy Massive Discounts on Flight Bookings with HDFC Bank EasyEMI & No Cost EMI,"Valid till : 30th Jun, 2025",HDFCEMI,https://images.emtcontent.com/offer-img/hdfc-emi-29jun24-sm3.webp,https://www.easemytrip.com/offers/hdfc-bank-easy-emi.html,HDFC Swiggy
HDFC EasyEMI,Enjoy Massive Discounts on Flight Bookings with HDFC Bank EasyEMI & No Cost EMI,"Valid till : 30th Jun, 2025",HDFCEMI,https://images.emtcontent.com/offer-img/hdfc-emi-29jun24-sm3.webp,https://www.easemytrip.com/offers/hdfc-bank-easy-emi.html,HDFC Bank Harley-Davidson Diners Club
,,,,,,
HDFC EasyEMI,Enjoy Massive Discounts on Flight Bookings with HDFC Bank EasyEMI & No Cost EMI,"Valid till : 30th Jun, 2025",HDFCEMI,https://images.emtcontent.com/offer-img/hdfc-emi-29jun24-sm3.webp,https://www.easemytrip.com/offers/hdfc-bank-easy-emi.html,Tata Neu Infinity HDFC Bank Visa
HDFC EasyEMI,Enjoy Massive Discounts on Flight Bookings with HDFC Bank EasyEMI & No Cost EMI,"Valid till : 30th Jun, 2025",HDFCEMI,https://images.emtcontent.com/offer-img/hdfc-emi-29jun24-sm3.webp,https://www.easemytrip.com/offers/hdfc-bank-easy-emi.html,HDFC H.O.G. Diners Club
HDFC EasyEMI,Enjoy Massive Discounts on Flight Bookings with HDFC Bank EasyEMI & No Cost EMI,"Valid till : 30th Jun, 2025",HDFCEMI,https://images.emtcontent.com/offer-img/hdfc-emi-29jun24-sm3.webp,https://www.easemytrip.com/offers/hdfc-bank-easy-emi.html,InterMiles HDFC Bank Platinum
HDFC EasyEMI,Enjoy Massive Discounts on Flight Bookings with HDFC Bank EasyEMI & No Cost EMI,"Valid till : 30th Jun, 2025",HDFCEMI,https://images.emtcontent.com/offer-img/hdfc-emi-29jun24-sm3.webp,https://www.easemytrip.com/offers/hdfc-bank-easy-emi.html,HDFC Bank Business Regalia First
HDFC EasyEMI,Enjoy Massive Discounts on Flight Bookings with HDFC Bank EasyEMI & No Cost EMI,"Valid till : 30th Jun, 2025",HDFCEMI,https://images.emtcontent.com/offer-img/hdfc-emi-29jun24-sm3.webp,https://www.easemytrip.com/offers/hdfc-bank-easy-emi.html,Flipkart Wholesale HDFC Bank
HDFC EasyEMI,Enjoy Massive Discounts on Flight Bookings with HDFC Bank EasyEMI & No Cost EMI,"Valid till : 30th Jun, 2025",HDFCEMI,https://images.emtcontent.com/offer-img/hdfc-emi-29jun24-sm3.webp,https://www.easemytrip.com/offers/hdfc-bank-easy-emi.html,Paytm HDFC Bank Business
HDFC EasyEMI,Enjoy Massive Discounts on Flight Bookings with HDFC Bank EasyEMI & No Cost EMI,"Valid till : 30th Jun, 2025",HDFCEMI,https://images.emtcontent.com/offer-img/hdfc-emi-29jun24-sm3.webp,https://www.easemytrip.com/offers/hdfc-bank-easy-emi.html,HDFC CSC Small Business MoneyBack
HDFC EasyEMI,Enjoy Massive Discounts on Flight Bookings with HDFC Bank EasyEMI & No Cost EMI,"Valid till : 30th Jun, 2025",HDFCEMI,https://images.emtcontent.com/offer-img/hdfc-emi-29jun24-sm3.webp,https://www.easemytrip.com/offers/hdfc-bank-easy-emi.html,Millennia
HDFC EasyEMI,Enjoy Massive Discounts on Flight Bookings with HDFC Bank EasyEMI & No Cost EMI,"Valid till : 30th Jun, 2025",HDFCEMI,https://images.emtcontent.com/offer-img/hdfc-emi-29jun24-sm3.webp,https://www.easemytrip.com/offers/hdfc-bank-easy-emi.html,MoneyBack
HDFC EasyEMI,Enjoy Massive Discounts on Flight Bookings with HDFC Bank EasyEMI & No Cost EMI,"Valid till : 30th Jun, 2025",HDFCEMI,https://images.emtcontent.com/offer-img/hdfc-emi-29jun24-sm3.webp,https://www.easemytrip.com/offers/hdfc-bank-easy-emi.html,All Miles
HDFC EasyEMI,Enjoy Massive Discounts on Flight Bookings with HDFC Bank EasyEMI & No Cost EMI,"Valid till : 30th Jun, 2025",HDFCEMI,https://images.emtcontent.com/offer-img/hdfc-emi-29jun24-sm3.webp,https://www.easemytrip.com/offers/hdfc-bank-easy-emi.html,World MasterCard
HDFC EasyEMI,Enjoy Massive Discounts on Flight Bookings with HDFC Bank EasyEMI & No Cost EMI,"Valid till : 30th Jun, 2025",HDFCEMI,https://images.emtcontent.com/offer-img/hdfc-emi-29jun24-sm3.webp,https://www.easemytrip.com/offers/hdfc-bank-easy-emi.html,HDFC Diners Club Black
HDFC EasyEMI,Enjoy Massive Discounts on Flight Bookings with HDFC Bank EasyEMI & No Cost EMI,"Valid till : 30th Jun, 2025",HDFCEMI,https://images.emtcontent.com/offer-img/hdfc-emi-29jun24-sm3.webp,https://www.easemytrip.com/offers/hdfc-bank-easy-emi.html,Marriott Bonvoy HDFC
HDFC EasyEMI,Enjoy Massive Discounts on Flight Bookings with HDFC Bank EasyEMI & No Cost EMI,"Valid till : 30th Jun, 2025",HDFCEMI,https://images.emtcontent.com/offer-img/hdfc-emi-29jun24-sm3.webp,https://www.easemytrip.com/offers/hdfc-bank-easy-emi.html,HDFC Bank Biz Grow Visa
HDFC EasyEMI,Enjoy Massive Discounts on Flight Bookings with HDFC Bank EasyEMI & No Cost EMI,"Valid till : 30th Jun, 2025",HDFCEMI,https://images.emtcontent.com/offer-img/hdfc-emi-29jun24-sm3.webp,https://www.easemytrip.com/offers/hdfc-bank-easy-emi.html,HDFC Biz Black Metal Edition
HDFC EasyEMI,Enjoy Massive Discounts on Flight Bookings with HDFC Bank EasyEMI & No Cost EMI,"Valid till : 30th Jun, 2025",HDFCEMI,https://images.emtcontent.com/offer-img/hdfc-emi-29jun24-sm3.webp,https://www.easemytrip.com/offers/hdfc-bank-easy-emi.html,Freedom
HDFC EasyEMI,Enjoy Massive Discounts on Flight Bookings with HDFC Bank EasyEMI & No Cost EMI,"Valid till : 30th Jun, 2025",HDFCEMI,https://images.emtcontent.com/offer-img/hdfc-emi-29jun24-sm3.webp,https://www.easemytrip.com/offers/hdfc-bank-easy-emi.html,InterMiles HDFC Bank Diners Club
HDFC EasyEMI,Enjoy Massive Discounts on Flight Bookings with HDFC Bank EasyEMI & No Cost EMI,"Valid till : 30th Jun, 2025",HDFCEMI,https://images.emtcontent.com/offer-img/hdfc-emi-29jun24-sm3.webp,https://www.easemytrip.com/offers/hdfc-bank-easy-emi.html,HDFC Pixel Go Visa
HDFC EasyEMI,Enjoy Massive Discounts on Flight Bookings with HDFC Bank EasyEMI & No Cost EMI,"Valid till : 30th Jun, 2025",HDFCEMI,https://images.emtcontent.com/offer-img/hdfc-emi-29jun24-sm3.webp,https://www.easemytrip.com/offers/hdfc-bank-easy-emi.html,6E Rewards - IndiGo HDFC Bank
HDFC EasyEMI,Enjoy Massive Discounts on Flight Bookings with HDFC Bank EasyEMI & No Cost EMI,"Valid till : 30th Jun, 2025",HDFCEMI,https://images.emtcontent.com/offer-img/hdfc-emi-29jun24-sm3.webp,https://www.easemytrip.com/offers/hdfc-bank-easy-emi.html,HDFC Bank MoneyBack Plus Visa
HDFC EasyEMI,Enjoy Massive Discounts on Flight Bookings with HDFC Bank EasyEMI & No Cost EMI,"Valid till : 30th Jun, 2025",HDFCEMI,https://images.emtcontent.com/offer-img/hdfc-emi-29jun24-sm3.webp,https://www.easemytrip.com/offers/hdfc-bank-easy-emi.html,Shoppers Stop BLACK HDFC Bank
HDFC EasyEMI,Enjoy Massive Discounts on Flight Bookings with HDFC Bank EasyEMI & No Cost EMI,"Valid till : 30th Jun, 2025",HDFCEMI,https://images.emtcontent.com/offer-img/hdfc-emi-29jun24-sm3.webp,https://www.easemytrip.com/offers/hdfc-bank-easy-emi.html,6E Rewards XL - IndiGo HDFC Bank
HDFC EasyEMI,Enjoy Massive Discounts on Flight Bookings with HDFC Bank EasyEMI & No Cost EMI,"Valid till : 30th Jun, 2025",HDFCEMI,https://images.emtcontent.com/offer-img/hdfc-emi-29jun24-sm3.webp,https://www.easemytrip.com/offers/hdfc-bank-easy-emi.html,HDFC Bank UPI RuPay Biz
HDFC EasyEMI,Enjoy Massive Discounts on Flight Bookings with HDFC Bank EasyEMI & No Cost EMI,"Valid till : 30th Jun, 2025",HDFCEMI,https://images.emtcontent.com/offer-img/hdfc-emi-29jun24-sm3.webp,https://www.easemytrip.com/offers/hdfc-bank-easy-emi.html,InterMiles HDFC Bank Signature
HDFC EasyEMI,Enjoy Massive Discounts on Flight Bookings with HDFC Bank EasyEMI & No Cost EMI,"Valid till : 30th Jun, 2025",HDFCEMI,https://images.emtcontent.com/offer-img/hdfc-emi-29jun24-sm3.webp,https://www.easemytrip.com/offers/hdfc-bank-easy-emi.html,Diners Club Privilege
HDFC EasyEMI,Enjoy Massive Discounts on Flight Bookings with HDFC Bank EasyEMI & No Cost EMI,"Valid till : 30th Jun, 2025",HDFCEMI,https://images.emtcontent.com/offer-img/hdfc-emi-29jun24-sm3.webp,https://www.easemytrip.com/offers/hdfc-bank-easy-emi.html,HDFC Bank Biz First
HDFC EasyEMI,Enjoy Massive Discounts on Flight Bookings with HDFC Bank EasyEMI & No Cost EMI,"Valid till : 30th Jun, 2025",HDFCEMI,https://images.emtcontent.com/offer-img/hdfc-emi-29jun24-sm3.webp,https://www.easemytrip.com/offers/hdfc-bank-easy-emi.html,HDFC Bank Times Card Credit Platinum
HDFC EasyEMI,Enjoy Massive Discounts on Flight Bookings with HDFC Bank EasyEMI & No Cost EMI,"Valid till : 30th Jun, 2025",HDFCEMI,https://images.emtcontent.com/offer-img/hdfc-emi-29jun24-sm3.webp,https://www.easemytrip.com/offers/hdfc-bank-easy-emi.html,IndianOil HDFC Bank Visa
HDFC EasyEMI,Enjoy Massive Discounts on Flight Bookings with HDFC Bank EasyEMI & No Cost EMI,"Valid till : 30th Jun, 2025",HDFCEMI,https://images.emtcontent.com/offer-img/hdfc-emi-29jun24-sm3.webp,https://www.easemytrip.com/offers/hdfc-bank-easy-emi.html,IRCTC HDFC Bank
HDFC EasyEMI,Enjoy Massive Discounts on Flight Bookings with HDFC Bank EasyEMI & No Cost EMI,"Valid till : 30th Jun, 2025",HDFCEMI,https://images.emtcontent.com/offer-img/hdfc-emi-29jun24-sm3.webp,https://www.easemytrip.com/offers/hdfc-bank-easy-emi.html,Business Gold
HDFC EasyEMI,Enjoy Massive Discounts on Flight Bookings with HDFC Bank EasyEMI & No Cost EMI,"Valid till : 30th Jun, 2025",HDFCEMI,https://images.emtcontent.com/offer-img/hdfc-emi-29jun24-sm3.webp,https://www.easemytrip.com/offers/hdfc-bank-easy-emi.html,HDFC Bank Titanium Times Card
HDFC EasyEMI,Enjoy Massive Discounts on Flight Bookings with HDFC Bank EasyEMI & No Cost EMI,"Valid till : 30th Jun, 2025",HDFCEMI,https://images.emtcontent.com/offer-img/hdfc-emi-29jun24-sm3.webp,https://www.easemytrip.com/offers/hdfc-bank-easy-emi.html,Shoppers Stop HDFC Bank RuPay
HDFC EasyEMI,Enjoy Massive Discounts on Flight Bookings with HDFC Bank EasyEMI & No Cost EMI,"Valid till : 30th Jun, 2025",HDFCEMI,https://images.emtcontent.com/offer-img/hdfc-emi-29jun24-sm3.webp,https://www.easemytrip.com/offers/hdfc-bank-easy-emi.html,Tata Neu Plus HDFC Bank RuPay
HDFC EasyEMI,Enjoy Massive Discounts on Flight Bookings with HDFC Bank EasyEMI & No Cost EMI,"Valid till : 30th Jun, 2025",HDFCEMI,https://images.emtcontent.com/offer-img/hdfc-emi-29jun24-sm3.webp,https://www.easemytrip.com/offers/hdfc-bank-easy-emi.html,HDFC Bank Infinia
HDFC EasyEMI,Enjoy Massive Discounts on Flight Bookings with HDFC Bank EasyEMI & No Cost EMI,"Valid till : 30th Jun, 2025",HDFCEMI,https://images.emtcontent.com/offer-img/hdfc-emi-29jun24-sm3.webp,https://www.easemytrip.com/offers/hdfc-bank-easy-emi.html,Metal Edition
HDFC EasyEMI,Enjoy Massive Discounts on Flight Bookings with HDFC Bank EasyEMI & No Cost EMI,"Valid till : 30th Jun, 2025",HDFCEMI,https://images.emtcontent.com/offer-img/hdfc-emi-29jun24-sm3.webp,https://www.easemytrip.com/offers/hdfc-bank-easy-emi.html,Bharat
HDFC EasyEMI,Enjoy Massive Discounts on Flight Bookings with HDFC Bank EasyEMI & No Cost EMI,"Valid till : 30th Jun, 2025",HDFCEMI,https://images.emtcontent.com/offer-img/hdfc-emi-29jun24-sm3.webp,https://www.easemytrip.com/offers/hdfc-bank-easy-emi.html,Easy EMI Card
HDFC EasyEMI,Enjoy Massive Discounts on Flight Bookings with HDFC Bank EasyEMI & No Cost EMI,"Valid till : 30th Jun, 2025",HDFCEMI,https://images.emtcontent.com/offer-img/hdfc-emi-29jun24-sm3.webp,https://www.easemytrip.com/offers/hdfc-bank-easy-emi.html,HDFC UPI RuPay
HDFC EasyEMI,Enjoy Massive Discounts on Flight Bookings with HDFC Bank EasyEMI & No Cost EMI,"Valid till : 30th Jun, 2025",HDFCEMI,https://images.emtcontent.com/offer-img/hdfc-emi-29jun24-sm3.webp,https://www.easemytrip.com/offers/hdfc-bank-easy-emi.html,HDFC Pixel Play
HDFC EasyEMI,Enjoy Massive Discounts on Flight Bookings with HDFC Bank EasyEMI & No Cost EMI,"Valid till : 30th Jun, 2025",HDFCEMI,https://images.emtcontent.com/offer-img/hdfc-emi-29jun24-sm3.webp,https://www.easemytrip.com/offers/hdfc-bank-easy-emi.html,Paytm HDFC Bank Select Business
Yes Bank Credit Cards,"Enjoy Up to INR 5,000 OFF* on Travel with Yes Bank Credit Cards","Valid till : 30th Jun, 2025",EMTYES,https://images.emtcontent.com/offer-img/emtyes-26feb25-sm2.webp,https://www.easemytrip.com/offers/yes-bank-credit-card.html,Yes ELITE
Yes Bank Credit Cards,"Enjoy Up to INR 5,000 OFF* on Travel with Yes Bank Credit Cards","Valid till : 30th Jun, 2025",EMTYES,https://images.emtcontent.com/offer-img/emtyes-26feb25-sm2.webp,https://www.easemytrip.com/offers/yes-bank-credit-card.html,Yes Prosperity Reward Plus
Yes Bank Credit Cards,"Enjoy Up to INR 5,000 OFF* on Travel with Yes Bank Credit Cards","Valid till : 30th Jun, 2025",EMTYES,https://images.emtcontent.com/offer-img/emtyes-26feb25-sm2.webp,https://www.easemytrip.com/offers/yes-bank-credit-card.html,Yes Bank Card Anq Phi Credit  Card
Yes Bank Credit Cards,"Enjoy Up to INR 5,000 OFF* on Travel with Yes Bank Credit Cards","Valid till : 30th Jun, 2025",EMTYES,https://images.emtcontent.com/offer-img/emtyes-26feb25-sm2.webp,https://www.easemytrip.com/offers/yes-bank-credit-card.html,YES BANK Paisabazaar PaisaSave
Yes Bank Credit Cards,"Enjoy Up to INR 5,000 OFF* on Travel with Yes Bank Credit Cards","Valid till : 30th Jun, 2025",EMTYES,https://images.emtcontent.com/offer-img/emtyes-26feb25-sm2.webp,https://www.easemytrip.com/offers/yes-bank-credit-card.html,YES Bank Marquee
Yes Bank Credit Cards,"Enjoy Up to INR 5,000 OFF* on Travel with Yes Bank Credit Cards","Valid till : 30th Jun, 2025",EMTYES,https://images.emtcontent.com/offer-img/emtyes-26feb25-sm2.webp,https://www.easemytrip.com/offers/yes-bank-credit-card.html,Yes Prosperity Cashback Plus
Yes Bank Credit Cards,"Enjoy Up to INR 5,000 OFF* on Travel with Yes Bank Credit Cards","Valid till : 30th Jun, 2025",EMTYES,https://images.emtcontent.com/offer-img/emtyes-26feb25-sm2.webp,https://www.easemytrip.com/offers/yes-bank-credit-card.html,Yes EMI
Yes Bank Credit Cards,"Enjoy Up to INR 5,000 OFF* on Travel with Yes Bank Credit Cards","Valid till : 30th Jun, 2025",EMTYES,https://images.emtcontent.com/offer-img/emtyes-26feb25-sm2.webp,https://www.easemytrip.com/offers/yes-bank-credit-card.html,Yes RESERV
Yes Bank Credit Cards,"Enjoy Up to INR 5,000 OFF* on Travel with Yes Bank Credit Cards","Valid till : 30th Jun, 2025",EMTYES,https://images.emtcontent.com/offer-img/emtyes-26feb25-sm2.webp,https://www.easemytrip.com/offers/yes-bank-credit-card.html,Yes Prosperity Cashback
Yes Bank Credit Cards,"Enjoy Up to INR 5,000 OFF* on Travel with Yes Bank Credit Cards","Valid till : 30th Jun, 2025",EMTYES,https://images.emtcontent.com/offer-img/emtyes-26feb25-sm2.webp,https://www.easemytrip.com/offers/yes-bank-credit-card.html,Yes Bank BYOC
Yes Bank Credit Cards,"Enjoy Up to INR 5,000 OFF* on Travel with Yes Bank Credit Cards","Valid till : 30th Jun, 2025",EMTYES,https://images.emtcontent.com/offer-img/emtyes-26feb25-sm2.webp,https://www.easemytrip.com/offers/yes-bank-credit-card.html,Yes Bank Finbooster
Yes Bank Credit Cards,"Enjoy Up to INR 5,000 OFF* on Travel with Yes Bank Credit Cards","Valid till : 30th Jun, 2025",EMTYES,https://images.emtcontent.com/offer-img/emtyes-26feb25-sm2.webp,https://www.easemytrip.com/offers/yes-bank-credit-card.html,Yes Bank Wellness
Yes Bank Credit Cards,"Enjoy Up to INR 5,000 OFF* on Travel with Yes Bank Credit Cards","Valid till : 30th Jun, 2025",EMTYES,https://images.emtcontent.com/offer-img/emtyes-26feb25-sm2.webp,https://www.easemytrip.com/offers/yes-bank-credit-card.html,Yes Private Prime
Yes Bank Credit Cards,"Enjoy Up to INR 5,000 OFF* on Travel with Yes Bank Credit Cards","Valid till : 30th Jun, 2025",EMTYES,https://images.emtcontent.com/offer-img/emtyes-26feb25-sm2.webp,https://www.easemytrip.com/offers/yes-bank-credit-card.html,Yes Bank Wellness Plus
Yes Bank Credit Cards,"Enjoy Up to INR 5,000 OFF* on Travel with Yes Bank Credit Cards","Valid till : 30th Jun, 2025",EMTYES,https://images.emtcontent.com/offer-img/emtyes-26feb25-sm2.webp,https://www.easemytrip.com/offers/yes-bank-credit-card.html,Yes Prosperity Reward
Yes Bank Credit Cards,"Enjoy Up to INR 5,000 OFF* on Travel with Yes Bank Credit Cards","Valid till : 30th Jun, 2025",EMTYES,https://images.emtcontent.com/offer-img/emtyes-26feb25-sm2.webp,https://www.easemytrip.com/offers/yes-bank-credit-card.html,YES BANK Anq Pi
Yes Bank Credit Cards,"Enjoy Up to INR 5,000 OFF* on Travel with Yes Bank Credit Cards","Valid till : 30th Jun, 2025",EMTYES,https://images.emtcontent.com/offer-img/emtyes-26feb25-sm2.webp,https://www.easemytrip.com/offers/yes-bank-credit-card.html,YES Bank Rio RuPay
Yes Bank Credit Cards,"Enjoy Up to INR 5,000 OFF* on Travel with Yes Bank Credit Cards","Valid till : 30th Jun, 2025",EMTYES,https://images.emtcontent.com/offer-img/emtyes-26feb25-sm2.webp,https://www.easemytrip.com/offers/yes-bank-credit-card.html,Yes Prosperity Edge
,,,,,,
PNB EMT Credit Cards,Wander the world with Wonderful Deals with PNB EMT Credit Cards,"Valid till : 31st Dec, 2026",PNBEMT,https://images.emtcontent.com/offer-img/pnb-emt-co-branded-credit-card-sm.png,https://www.easemytrip.com/offers/pnb-emt-co-branded-credit-card.html,PNB EaseMyTrip
BOBCARD EMI,Save Huge on Travel Bookings using BOBCARD EMI,"Valid till : 30th Jun, 2025",BOBEMI,https://images.emtcontent.com/offer-img/bobemi-26feb25-sm.webp,https://www.easemytrip.com/offers/bank-of-baroda.html,PREMIER
BOBCARD EMI,Save Huge on Travel Bookings using BOBCARD EMI,"Valid till : 30th Jun, 2025",BOBEMI,https://images.emtcontent.com/offer-img/bobemi-26feb25-sm.webp,https://www.easemytrip.com/offers/bank-of-baroda.html,BOB Assure
BOBCARD EMI,Save Huge on Travel Bookings using BOBCARD EMI,"Valid till : 30th Jun, 2025",BOBEMI,https://images.emtcontent.com/offer-img/bobemi-26feb25-sm.webp,https://www.easemytrip.com/offers/bank-of-baroda.html,BOBCARD ETERNA
BOBCARD EMI,Save Huge on Travel Bookings using BOBCARD EMI,"Valid till : 30th Jun, 2025",BOBEMI,https://images.emtcontent.com/offer-img/bobemi-26feb25-sm.webp,https://www.easemytrip.com/offers/bank-of-baroda.html,Indian Navy VARUNAH Premium
BOBCARD EMI,Save Huge on Travel Bookings using BOBCARD EMI,"Valid till : 30th Jun, 2025",BOBEMI,https://images.emtcontent.com/offer-img/bobemi-26feb25-sm.webp,https://www.easemytrip.com/offers/bank-of-baroda.html,CMA ONE
BOBCARD EMI,Save Huge on Travel Bookings using BOBCARD EMI,"Valid till : 30th Jun, 2025",BOBEMI,https://images.emtcontent.com/offer-img/bobemi-26feb25-sm.webp,https://www.easemytrip.com/offers/bank-of-baroda.html,ETERNA
BOBCARD EMI,Save Huge on Travel Bookings using BOBCARD EMI,"Valid till : 30th Jun, 2025",BOBEMI,https://images.emtcontent.com/offer-img/bobemi-26feb25-sm.webp,https://www.easemytrip.com/offers/bank-of-baroda.html,ICSI DIAMOND
BOBCARD EMI,Save Huge on Travel Bookings using BOBCARD EMI,"Valid till : 30th Jun, 2025",BOBEMI,https://images.emtcontent.com/offer-img/bobemi-26feb25-sm.webp,https://www.easemytrip.com/offers/bank-of-baroda.html,EASY
BOBCARD EMI,Save Huge on Travel Bookings using BOBCARD EMI,"Valid till : 30th Jun, 2025",BOBEMI,https://images.emtcontent.com/offer-img/bobemi-26feb25-sm.webp,https://www.easemytrip.com/offers/bank-of-baroda.html,ICAI EXCLUSIVE
BOBCARD EMI,Save Huge on Travel Bookings using BOBCARD EMI,"Valid till : 30th Jun, 2025",BOBEMI,https://images.emtcontent.com/offer-img/bobemi-26feb25-sm.webp,https://www.easemytrip.com/offers/bank-of-baroda.html,Assam Rifles The SENTINEL
BOBCARD EMI,Save Huge on Travel Bookings using BOBCARD EMI,"Valid till : 30th Jun, 2025",BOBEMI,https://images.emtcontent.com/offer-img/bobemi-26feb25-sm.webp,https://www.easemytrip.com/offers/bank-of-baroda.html,Indian Army YODDHA
BOBCARD EMI,Save Huge on Travel Bookings using BOBCARD EMI,"Valid till : 30th Jun, 2025",BOBEMI,https://images.emtcontent.com/offer-img/bobemi-26feb25-sm.webp,https://www.easemytrip.com/offers/bank-of-baroda.html,HPCL BoB ENERGIE
BOBCARD EMI,Save Huge on Travel Bookings using BOBCARD EMI,"Valid till : 30th Jun, 2025",BOBEMI,https://images.emtcontent.com/offer-img/bobemi-26feb25-sm.webp,https://www.easemytrip.com/offers/bank-of-baroda.html,PRIME
BOBCARD EMI,Save Huge on Travel Bookings using BOBCARD EMI,"Valid till : 30th Jun, 2025",BOBEMI,https://images.emtcontent.com/offer-img/bobemi-26feb25-sm.webp,https://www.easemytrip.com/offers/bank-of-baroda.html,SWAVLAMBAN
BOBCARD EMI,Save Huge on Travel Bookings using BOBCARD EMI,"Valid till : 30th Jun, 2025",BOBEMI,https://images.emtcontent.com/offer-img/bobemi-26feb25-sm.webp,https://www.easemytrip.com/offers/bank-of-baroda.html,IRCTC BoB
BOBCARD EMI,Save Huge on Travel Bookings using BOBCARD EMI,"Valid till : 30th Jun, 2025",BOBEMI,https://images.emtcontent.com/offer-img/bobemi-26feb25-sm.webp,https://www.easemytrip.com/offers/bank-of-baroda.html,SNAPDEAL
BOBCARD EMI,Save Huge on Travel Bookings using BOBCARD EMI,"Valid till : 30th Jun, 2025",BOBEMI,https://images.emtcontent.com/offer-img/bobemi-26feb25-sm.webp,https://www.easemytrip.com/offers/bank-of-baroda.html,UNNATI
BOBCARD EMI,Save Huge on Travel Bookings using BOBCARD EMI,"Valid till : 30th Jun, 2025",BOBEMI,https://images.emtcontent.com/offer-img/bobemi-26feb25-sm.webp,https://www.easemytrip.com/offers/bank-of-baroda.html,Indian Coast Guard Rakshamah
BOBCARD EMI,Save Huge on Travel Bookings using BOBCARD EMI,"Valid till : 30th Jun, 2025",BOBEMI,https://images.emtcontent.com/offer-img/bobemi-26feb25-sm.webp,https://www.easemytrip.com/offers/bank-of-baroda.html,SELECT
,,,,,,
Standard Chartered,Travel discounts on the Standard Chartered - EaseMyTrip Credit Cards,"Valid till: 31st Dec, 2025",EMTSCB,https://images.emtcontent.com/offer-img/emtscb-16july-sm.png,https://www.easemytrip.com/offers/standard-charted-bank.html,StanChart EaseMyTrip
