Offer Title,Offer Description,Coupon Code,Offer Image,Offer Link,Credit Card,Expiry Date
Flat 15% off on,Hotels with RBL Bank Credit Card EMI transactions!,RBLEMI,https://www.cleartrip.com/all-offers/wp-content/uploads/2024/03/Cleartrip-Logo.svg,https://www.cleartrip.com/all-offers/rbl-credit-cards-ncemi-hotels-campaign-2/,RBL Bank Platinum Choice MasterCard,
Flat 15% off on,Hotels with RBL Bank Credit Card EMI transactions!,RBLEMI,https://www.cleartrip.com/all-offers/wp-content/uploads/2024/03/Cleartrip-Logo.svg,https://www.cleartrip.com/all-offers/rbl-credit-cards-ncemi-hotels-campaign-2/,RBL Bank Platinum Choice Visa,
Flat 15% off on,Hotels with RBL Bank Credit Card EMI transactions!,RBLEMI,https://www.cleartrip.com/all-offers/wp-content/uploads/2024/03/Cleartrip-Logo.svg,https://www.cleartrip.com/all-offers/rbl-credit-cards-ncemi-hotels-campaign-2/,RBL Bank World Plus Visa,
Flat 15% off on,Hotels with RBL Bank Credit Card EMI transactions!,RBLEMI,https://www.cleartrip.com/all-offers/wp-content/uploads/2024/03/Cleartrip-Logo.svg,https://www.cleartrip.com/all-offers/rbl-credit-cards-ncemi-hotels-campaign-2/,RBL Bank World Plus MasterCard,
Flat 15% off on,Hotels with RBL Bank Credit Card EMI transactions!,RBLEMI,https://www.cleartrip.com/all-offers/wp-content/uploads/2024/03/Cleartrip-Logo.svg,https://www.cleartrip.com/all-offers/rbl-credit-cards-ncemi-hotels-campaign-2/,RBL Bank Platinum Advantage MasterCard,
Flat 15% off on,Hotels with RBL Bank Credit Card EMI transactions!,RBLEMI,https://www.cleartrip.com/all-offers/wp-content/uploads/2024/03/Cleartrip-Logo.svg,https://www.cleartrip.com/all-offers/rbl-credit-cards-ncemi-hotels-campaign-2/,RBL Bank EasySaver MasterCard,
Flat 15% off on,Hotels with RBL Bank Credit Card EMI transactions!,RBLEMI,https://www.cleartrip.com/all-offers/wp-content/uploads/2024/03/Cleartrip-Logo.svg,https://www.cleartrip.com/all-offers/rbl-credit-cards-ncemi-hotels-campaign-2/,RBL Bank EasySaver Visa,
Flat 15% off on,Hotels with RBL Bank Credit Card EMI transactions!,RBLEMI,https://www.cleartrip.com/all-offers/wp-content/uploads/2024/03/Cleartrip-Logo.svg,https://www.cleartrip.com/all-offers/rbl-credit-cards-ncemi-hotels-campaign-2/,RBL Bank MyFirst MasterCard,
Flat 15% off on,Hotels with RBL Bank Credit Card EMI transactions!,RBLEMI,https://www.cleartrip.com/all-offers/wp-content/uploads/2024/03/Cleartrip-Logo.svg,https://www.cleartrip.com/all-offers/rbl-credit-cards-ncemi-hotels-campaign-2/,RBL Bank MyFirst Visa,
Flat 15% off on,Hotels with RBL Bank Credit Card EMI transactions!,RBLEMI,https://www.cleartrip.com/all-offers/wp-content/uploads/2024/03/Cleartrip-Logo.svg,https://www.cleartrip.com/all-offers/rbl-credit-cards-ncemi-hotels-campaign-2/,RBL Bank Binge Visa,
Flat 15% off on,Hotels with RBL Bank Credit Card EMI transactions!,RBLEMI,https://www.cleartrip.com/all-offers/wp-content/uploads/2024/03/Cleartrip-Logo.svg,https://www.cleartrip.com/all-offers/rbl-credit-cards-ncemi-hotels-campaign-2/,RBL Bank Binge MasterCard,
Flat 15% off on,Hotels with RBL Bank Credit Card EMI transactions!,RBLEMI,https://www.cleartrip.com/all-offers/wp-content/uploads/2024/03/Cleartrip-Logo.svg,https://www.cleartrip.com/all-offers/rbl-credit-cards-ncemi-hotels-campaign-2/,RBL Bank Platinum Shopgain MasterCard,
Flat 15% off on,Hotels with RBL Bank Credit Card EMI transactions!,RBLEMI,https://www.cleartrip.com/all-offers/wp-content/uploads/2024/03/Cleartrip-Logo.svg,https://www.cleartrip.com/all-offers/rbl-credit-cards-ncemi-hotels-campaign-2/,RBL Bank Platinum Shopgain Visa,
Flat 15% off on,Hotels with RBL Bank Credit Card EMI transactions!,RBLEMI,https://www.cleartrip.com/all-offers/wp-content/uploads/2024/03/Cleartrip-Logo.svg,https://www.cleartrip.com/all-offers/rbl-credit-cards-ncemi-hotels-campaign-2/,RBL Bank Platinum Bonus MasterCard,
Flat 15% off on,Hotels with RBL Bank Credit Card EMI transactions!,RBLEMI,https://www.cleartrip.com/all-offers/wp-content/uploads/2024/03/Cleartrip-Logo.svg,https://www.cleartrip.com/all-offers/rbl-credit-cards-ncemi-hotels-campaign-2/,RBL Bank Platinum Prime MasterCard,
Flat 15% off on,Hotels with RBL Bank Credit Card EMI transactions!,RBLEMI,https://www.cleartrip.com/all-offers/wp-content/uploads/2024/03/Cleartrip-Logo.svg,https://www.cleartrip.com/all-offers/rbl-credit-cards-ncemi-hotels-campaign-2/,RBL Bank World Max MasterCard,
Flat 15% off on,Hotels with RBL Bank Credit Card EMI transactions!,RBLEMI,https://www.cleartrip.com/all-offers/wp-content/uploads/2024/03/Cleartrip-Logo.svg,https://www.cleartrip.com/all-offers/rbl-credit-cards-ncemi-hotels-campaign-2/,RBL Bank World Max Visa,
Flat 15% off on,Hotels with RBL Bank Credit Card EMI transactions!,RBLEMI,https://www.cleartrip.com/all-offers/wp-content/uploads/2024/03/Cleartrip-Logo.svg,https://www.cleartrip.com/all-offers/rbl-credit-cards-ncemi-hotels-campaign-2/,RBL Bank Platinum ValuePlus MasterCard,
Flat 15% off on,Hotels with RBL Bank Credit Card EMI transactions!,RBLEMI,https://www.cleartrip.com/all-offers/wp-content/uploads/2024/03/Cleartrip-Logo.svg,https://www.cleartrip.com/all-offers/rbl-credit-cards-ncemi-hotels-campaign-2/,RBL Bank Platinum ValuePlus Visa,
Flat 15% off on,Hotels with RBL Bank Credit Card EMI transactions!,RBLEMI,https://www.cleartrip.com/all-offers/wp-content/uploads/2024/03/Cleartrip-Logo.svg,https://www.cleartrip.com/all-offers/rbl-credit-cards-ncemi-hotels-campaign-2/,RBL Bank Platinum ShopSmart MasterCard,
Flat 15% off on,Hotels with RBL Bank Credit Card EMI transactions!,RBLEMI,https://www.cleartrip.com/all-offers/wp-content/uploads/2024/03/Cleartrip-Logo.svg,https://www.cleartrip.com/all-offers/rbl-credit-cards-ncemi-hotels-campaign-2/,RBL Bank Platinum ShopSmart Visa,
Flat 15% off on,Hotels with RBL Bank Credit Card EMI transactions!,RBLEMI,https://www.cleartrip.com/all-offers/wp-content/uploads/2024/03/Cleartrip-Logo.svg,https://www.cleartrip.com/all-offers/rbl-credit-cards-ncemi-hotels-campaign-2/,RBL Bank Platinum TravelEasy MasterCard,
Flat 15% off on,Hotels with RBL Bank Credit Card EMI transactions!,RBLEMI,https://www.cleartrip.com/all-offers/wp-content/uploads/2024/03/Cleartrip-Logo.svg,https://www.cleartrip.com/all-offers/rbl-credit-cards-ncemi-hotels-campaign-2/,RBL Bank Platinum TravelEasy Visa,
Flat 15% off on,Hotels with RBL Bank Credit Card EMI transactions!,RBLEMI,https://www.cleartrip.com/all-offers/wp-content/uploads/2024/03/Cleartrip-Logo.svg,https://www.cleartrip.com/all-offers/rbl-credit-cards-ncemi-hotels-campaign-2/,RBL Bank World Prime MasterCard,
Flat 15% off on,Hotels with RBL Bank Credit Card EMI transactions!,RBLEMI,https://www.cleartrip.com/all-offers/wp-content/uploads/2024/03/Cleartrip-Logo.svg,https://www.cleartrip.com/all-offers/rbl-credit-cards-ncemi-hotels-campaign-2/,RBL Bank World Prime Visa,
Flat 15% off on,Hotels with RBL Bank Credit Card EMI transactions!,RBLEMI,https://www.cleartrip.com/all-offers/wp-content/uploads/2024/03/Cleartrip-Logo.svg,https://www.cleartrip.com/all-offers/rbl-credit-cards-ncemi-hotels-campaign-2/,RBL Bank Platinum Plus MasterCard,
Flat 15% off on,Hotels with RBL Bank Credit Card EMI transactions!,RBLEMI,https://www.cleartrip.com/all-offers/wp-content/uploads/2024/03/Cleartrip-Logo.svg,https://www.cleartrip.com/all-offers/rbl-credit-cards-ncemi-hotels-campaign-2/,RBL Bank Platinum Plus Visa,
Flat 15% off on,Hotels with RBL Bank Credit Card EMI transactions!,RBLEMI,https://www.cleartrip.com/all-offers/wp-content/uploads/2024/03/Cleartrip-Logo.svg,https://www.cleartrip.com/all-offers/rbl-credit-cards-ncemi-hotels-campaign-2/,RBL Bank Platinum ShopDaily MasterCard,
Flat 15% off on,Hotels with RBL Bank Credit Card EMI transactions!,RBLEMI,https://www.cleartrip.com/all-offers/wp-content/uploads/2024/03/Cleartrip-Logo.svg,https://www.cleartrip.com/all-offers/rbl-credit-cards-ncemi-hotels-campaign-2/,RBL Bank Platinum ShopDaily Visa,
Flat 15% off on,Hotels with RBL Bank Credit Card EMI transactions!,RBLEMI,https://www.cleartrip.com/all-offers/wp-content/uploads/2024/03/Cleartrip-Logo.svg,https://www.cleartrip.com/all-offers/rbl-credit-cards-ncemi-hotels-campaign-2/,RBL Bank Platinum Edge Visa,
Flat 15% off on,Hotels with RBL Bank Credit Card EMI transactions!,RBLEMI,https://www.cleartrip.com/all-offers/wp-content/uploads/2024/03/Cleartrip-Logo.svg,https://www.cleartrip.com/all-offers/rbl-credit-cards-ncemi-hotels-campaign-2/,RBL Bank Platinum Edge MasterCard,
Flat 15% off on,Hotels with RBL Bank Credit Card EMI transactions!,RBLEMI,https://www.cleartrip.com/all-offers/wp-content/uploads/2024/03/Cleartrip-Logo.svg,https://www.cleartrip.com/all-offers/rbl-credit-cards-ncemi-hotels-campaign-2/,RBL Bank Platinum LifeEasy Visa,
Flat 15% off on,Hotels with RBL Bank Credit Card EMI transactions!,RBLEMI,https://www.cleartrip.com/all-offers/wp-content/uploads/2024/03/Cleartrip-Logo.svg,https://www.cleartrip.com/all-offers/rbl-credit-cards-ncemi-hotels-campaign-2/,RBL Bank Platinum LifeEasy MasterCard,
Flat 15% off on,Hotels with RBL Bank Credit Card EMI transactions!,RBLEMI,https://www.cleartrip.com/all-offers/wp-content/uploads/2024/03/Cleartrip-Logo.svg,https://www.cleartrip.com/all-offers/rbl-credit-cards-ncemi-hotels-campaign-2/,RBL Bank DMI Finance Visa,
Flat 15% off on,Hotels with RBL Bank Credit Card EMI transactions!,RBLEMI,https://www.cleartrip.com/all-offers/wp-content/uploads/2024/03/Cleartrip-Logo.svg,https://www.cleartrip.com/all-offers/rbl-credit-cards-ncemi-hotels-campaign-2/,RBL Bank Play Visa,
Flat 15% off on,Hotels with RBL Bank Credit Card EMI transactions!,RBLEMI,https://www.cleartrip.com/all-offers/wp-content/uploads/2024/03/Cleartrip-Logo.svg,https://www.cleartrip.com/all-offers/rbl-credit-cards-ncemi-hotels-campaign-2/,RBL Bank Novio RuPay,
Flat 15% off on,Hotels with RBL Bank Credit Card EMI transactions!,RBLEMI,https://www.cleartrip.com/all-offers/wp-content/uploads/2024/03/Cleartrip-Logo.svg,https://www.cleartrip.com/all-offers/rbl-credit-cards-ncemi-hotels-campaign-2/,IndianOil RBL Bank MasterCard,
Flat 15% off on,Hotels with RBL Bank Credit Card EMI transactions!,RBLEMI,https://www.cleartrip.com/all-offers/wp-content/uploads/2024/03/Cleartrip-Logo.svg,https://www.cleartrip.com/all-offers/rbl-credit-cards-ncemi-hotels-campaign-2/,TVS Credit RBL Bank Gold Mastercard Card,
Flat 15% off on,Hotels with RBL Bank Credit Card EMI transactions!,RBLEMI,https://www.cleartrip.com/all-offers/wp-content/uploads/2024/03/Cleartrip-Logo.svg,https://www.cleartrip.com/all-offers/rbl-credit-cards-ncemi-hotels-campaign-2/,TVS Credit RBL Bank RuPay Card,
Flat 15% off on,Hotels with RBL Bank Credit Card EMI transactions!,RBLEMI,https://www.cleartrip.com/all-offers/wp-content/uploads/2024/03/Cleartrip-Logo.svg,https://www.cleartrip.com/all-offers/rbl-credit-cards-ncemi-hotels-campaign-2/,RBL Bank SalarySe Up RuPay,
Flat 15% off on,Hotels with RBL Bank Credit Card EMI transactions!,RBLEMI,https://www.cleartrip.com/all-offers/wp-content/uploads/2024/03/Cleartrip-Logo.svg,https://www.cleartrip.com/all-offers/rbl-credit-cards-ncemi-hotels-campaign-2/,RBL Bank Patanjali Vishisht RuPay Card,
Flat 15% off on,Hotels with RBL Bank Credit Card EMI transactions!,RBLEMI,https://www.cleartrip.com/all-offers/wp-content/uploads/2024/03/Cleartrip-Logo.svg,https://www.cleartrip.com/all-offers/rbl-credit-cards-ncemi-hotels-campaign-2/,IndianOil RBL Bank XTRA MasterCard,
Flat 15% off on,Hotels with RBL Bank Credit Card EMI transactions!,RBLEMI,https://www.cleartrip.com/all-offers/wp-content/uploads/2024/03/Cleartrip-Logo.svg,https://www.cleartrip.com/all-offers/rbl-credit-cards-ncemi-hotels-campaign-2/,RBL Bank Patanjali Swarn RuPay Card,
Flat 15% off on,Hotels with RBL Bank Credit Card EMI transactions!,RBLEMI,https://www.cleartrip.com/all-offers/wp-content/uploads/2024/03/Cleartrip-Logo.svg,https://www.cleartrip.com/all-offers/rbl-credit-cards-ncemi-hotels-campaign-2/,RBL Bank Movies and More,
Flat 15% off on,Hotels with RBL Bank Credit Card EMI transactions!,RBLEMI,https://www.cleartrip.com/all-offers/wp-content/uploads/2024/03/Cleartrip-Logo.svg,https://www.cleartrip.com/all-offers/rbl-credit-cards-ncemi-hotels-campaign-2/,RBL Bank Shoprite,
Flat 15% off on,Hotels with RBL Bank Credit Card EMI transactions!,RBLEMI,https://www.cleartrip.com/all-offers/wp-content/uploads/2024/03/Cleartrip-Logo.svg,https://www.cleartrip.com/all-offers/rbl-credit-cards-ncemi-hotels-campaign-2/,RBL Bank Play,
Flat 15% off on,Hotels with RBL Bank Credit Card EMI transactions!,RBLEMI,https://www.cleartrip.com/all-offers/wp-content/uploads/2024/03/Cleartrip-Logo.svg,https://www.cleartrip.com/all-offers/rbl-credit-cards-ncemi-hotels-campaign-2/,RBL Bank Platinum Delight,
Flat 15% off on,Hotels with RBL Bank Credit Card EMI transactions!,RBLEMI,https://www.cleartrip.com/all-offers/wp-content/uploads/2024/03/Cleartrip-Logo.svg,https://www.cleartrip.com/all-offers/rbl-credit-cards-ncemi-hotels-campaign-2/,RBL Bank World Safari,
Flat 15% off on,Hotels with RBL Bank Credit Card EMI transactions!,RBLEMI,https://www.cleartrip.com/all-offers/wp-content/uploads/2024/03/Cleartrip-Logo.svg,https://www.cleartrip.com/all-offers/rbl-credit-cards-ncemi-hotels-campaign-2/,Bankbazaar Savemax Pro,
Flat 15% off on,Hotels with RBL Bank Credit Card EMI transactions!,RBLEMI,https://www.cleartrip.com/all-offers/wp-content/uploads/2024/03/Cleartrip-Logo.svg,https://www.cleartrip.com/all-offers/rbl-credit-cards-ncemi-hotels-campaign-2/,RBL Bank Lazy Pay,
Flat 15% off on,Hotels with RBL Bank Credit Card EMI transactions!,RBLEMI,https://www.cleartrip.com/all-offers/wp-content/uploads/2024/03/Cleartrip-Logo.svg,https://www.cleartrip.com/all-offers/rbl-credit-cards-ncemi-hotels-campaign-2/,MoneyTap Black Card,
Flat 15% off on,Hotels with RBL Bank Credit Card EMI transactions!,RBLEMI,https://www.cleartrip.com/all-offers/wp-content/uploads/2024/03/Cleartrip-Logo.svg,https://www.cleartrip.com/all-offers/rbl-credit-cards-ncemi-hotels-campaign-2/,Platinum Maxima Plus Card,
Flat 15% off on,Hotels with RBL Bank Credit Card EMI transactions!,RBLEMI,https://www.cleartrip.com/all-offers/wp-content/uploads/2024/03/Cleartrip-Logo.svg,https://www.cleartrip.com/all-offers/rbl-credit-cards-ncemi-hotels-campaign-2/,RBL Bank MoneyTap,
Flat 15% off on,Hotels with RBL Bank Credit Card EMI transactions!,RBLEMI,https://www.cleartrip.com/all-offers/wp-content/uploads/2024/03/Cleartrip-Logo.svg,https://www.cleartrip.com/all-offers/rbl-credit-cards-ncemi-hotels-campaign-2/,RBL Bank Icon,
Flat 15% off on,Hotels with RBL Bank Credit Card EMI transactions!,RBLEMI,https://www.cleartrip.com/all-offers/wp-content/uploads/2024/03/Cleartrip-Logo.svg,https://www.cleartrip.com/all-offers/rbl-credit-cards-ncemi-hotels-campaign-2/,RBL Bank Monthly Treats,
Flat 15% off on,Hotels with RBL Bank Credit Card EMI transactions!,RBLEMI,https://www.cleartrip.com/all-offers/wp-content/uploads/2024/03/Cleartrip-Logo.svg,https://www.cleartrip.com/all-offers/rbl-credit-cards-ncemi-hotels-campaign-2/,RBL Bank iGlobe,
Flat 15% off on,Hotels with RBL Bank Credit Card EMI transactions!,RBLEMI,https://www.cleartrip.com/all-offers/wp-content/uploads/2024/03/Cleartrip-Logo.svg,https://www.cleartrip.com/all-offers/rbl-credit-cards-ncemi-hotels-campaign-2/,RBL Bank Paisabazaar Duet Card Plus,
Flat 15% off on,Hotels with RBL Bank Credit Card EMI transactions!,RBLEMI,https://www.cleartrip.com/all-offers/wp-content/uploads/2024/03/Cleartrip-Logo.svg,https://www.cleartrip.com/all-offers/rbl-credit-cards-ncemi-hotels-campaign-2/,IRCTC RBL Bank RuPay,
Flat 15% off on,Hotels with RBL Bank Credit Card EMI transactions!,RBLEMI,https://www.cleartrip.com/all-offers/wp-content/uploads/2024/03/Cleartrip-Logo.svg,https://www.cleartrip.com/all-offers/rbl-credit-cards-ncemi-hotels-campaign-2/,RBL Bank Cookie,
Flat 15% off on,Hotels with RBL Bank Credit Card EMI transactions!,RBLEMI,https://www.cleartrip.com/all-offers/wp-content/uploads/2024/03/Cleartrip-Logo.svg,https://www.cleartrip.com/all-offers/rbl-credit-cards-ncemi-hotels-campaign-2/,IndianOil RBL Bank RuPay,
Flat 15% off on,Hotels with RBL Bank Credit Card EMI transactions!,RBLEMI,https://www.cleartrip.com/all-offers/wp-content/uploads/2024/03/Cleartrip-Logo.svg,https://www.cleartrip.com/all-offers/rbl-credit-cards-ncemi-hotels-campaign-2/,IndianOil RBL Bank XTRA RuPay,
Flat 15% off on,Hotels with RBL Bank Credit Card EMI transactions!,RBLEMI,https://www.cleartrip.com/all-offers/wp-content/uploads/2024/03/Cleartrip-Logo.svg,https://www.cleartrip.com/all-offers/rbl-credit-cards-ncemi-hotels-campaign-2/,BankBazaar SaveMax,
Flat 15% off on,Hotels with RBL Bank Credit Card EMI transactions!,RBLEMI,https://www.cleartrip.com/all-offers/wp-content/uploads/2024/03/Cleartrip-Logo.svg,https://www.cleartrip.com/all-offers/rbl-credit-cards-ncemi-hotels-campaign-2/,RBL Bank Platinum Maxima,
Flat 15% off on,Hotels with RBL Bank Credit Card EMI transactions!,RBLEMI,https://www.cleartrip.com/all-offers/wp-content/uploads/2024/03/Cleartrip-Logo.svg,https://www.cleartrip.com/all-offers/rbl-credit-cards-ncemi-hotels-campaign-2/,RBL Bank VCard,
Flat 15% off on,Hotels with RBL Bank Credit Card EMI transactions!,RBLEMI,https://www.cleartrip.com/all-offers/wp-content/uploads/2024/03/Cleartrip-Logo.svg,https://www.cleartrip.com/all-offers/rbl-credit-cards-ncemi-hotels-campaign-2/,Insignia Preferred Banking Card,
Flat 15% off on,Hotels with RBL Bank Credit Card EMI transactions!,RBLEMI,https://www.cleartrip.com/all-offers/wp-content/uploads/2024/03/Cleartrip-Logo.svg,https://www.cleartrip.com/all-offers/rbl-credit-cards-ncemi-hotels-campaign-2/,Mo Cash,
Flat 15% off on,Hotels with RBL Bank Credit Card EMI transactions!,RBLEMI,https://www.cleartrip.com/all-offers/wp-content/uploads/2024/03/Cleartrip-Logo.svg,https://www.cleartrip.com/all-offers/rbl-credit-cards-ncemi-hotels-campaign-2/,RBL Bank Paisabazaar Duet Card,
Flat 24% off,Hotels with Fed Bank Credit &amp; Debit Cards.,FEDCC | FEDEMI,https://www.cleartrip.com/all-offers/wp-content/uploads/2024/01/Fed-Logo.png,https://www.cleartrip.com/all-offers/federal-bank-credit-debit-cards-hotels-offer/,Fed StarBiz RuPay,Expires on 30th Jun
Flat 24% off,Hotels with Fed Bank Credit &amp; Debit Cards.,FEDCC | FEDEMI,https://www.cleartrip.com/all-offers/wp-content/uploads/2024/01/Fed-Logo.png,https://www.cleartrip.com/all-offers/federal-bank-credit-debit-cards-hotels-offer/,Federal Bank Mastercard Signet,Expires on 30th Jun
Flat 24% off,Hotels with Fed Bank Credit &amp; Debit Cards.,FEDCC | FEDEMI,https://www.cleartrip.com/all-offers/wp-content/uploads/2024/01/Fed-Logo.png,https://www.cleartrip.com/all-offers/federal-bank-credit-debit-cards-hotels-offer/,Federal Bank MagniFi,Expires on 30th Jun
Flat 24% off,Hotels with Fed Bank Credit &amp; Debit Cards.,FEDCC | FEDEMI,https://www.cleartrip.com/all-offers/wp-content/uploads/2024/01/Fed-Logo.png,https://www.cleartrip.com/all-offers/federal-bank-credit-debit-cards-hotels-offer/,Federal Bank AmpliFi,Expires on 30th Jun
Flat 24% off,Hotels with Fed Bank Credit &amp; Debit Cards.,FEDCC | FEDEMI,https://www.cleartrip.com/all-offers/wp-content/uploads/2024/01/Fed-Logo.png,https://www.cleartrip.com/all-offers/federal-bank-credit-debit-cards-hotels-offer/,Federal Bank Wave,Expires on 30th Jun
Flat 24% off,Hotels with Fed Bank Credit &amp; Debit Cards.,FEDCC | FEDEMI,https://www.cleartrip.com/all-offers/wp-content/uploads/2024/01/Fed-Logo.png,https://www.cleartrip.com/all-offers/federal-bank-credit-debit-cards-hotels-offer/,Federal Bank Rupay Signet,Expires on 30th Jun
Flat 24% off,Hotels with Fed Bank Credit &amp; Debit Cards.,FEDCC | FEDEMI,https://www.cleartrip.com/all-offers/wp-content/uploads/2024/01/Fed-Logo.png,https://www.cleartrip.com/all-offers/federal-bank-credit-debit-cards-hotels-offer/,Federal Bank Scapia,Expires on 30th Jun
Flat 24% off,Hotels with Fed Bank Credit &amp; Debit Cards.,FEDCC | FEDEMI,https://www.cleartrip.com/all-offers/wp-content/uploads/2024/01/Fed-Logo.png,https://www.cleartrip.com/all-offers/federal-bank-credit-debit-cards-hotels-offer/,Federal Bank Visa Celesta,Expires on 30th Jun
Flat 24% off,Hotels with Fed Bank Credit &amp; Debit Cards.,FEDCC | FEDEMI,https://www.cleartrip.com/all-offers/wp-content/uploads/2024/01/Fed-Logo.png,https://www.cleartrip.com/all-offers/federal-bank-credit-debit-cards-hotels-offer/,Federal Bank Visa Imperio,Expires on 30th Jun
Get Flat 15% off on,Hotels with Yes Bank Credit Card EMI transactions!,YESMI,https://www.cleartrip.com/all-offers/wp-content/uploads/2023/12/YES-LOGO.jpg,https://www.cleartrip.com/all-offers/yes-ncemi-hotels-offer-2/,Yes ELITE,Expires on 31st Mar
Get Flat 15% off on,Hotels with Yes Bank Credit Card EMI transactions!,YESMI,https://www.cleartrip.com/all-offers/wp-content/uploads/2023/12/YES-LOGO.jpg,https://www.cleartrip.com/all-offers/yes-ncemi-hotels-offer-2/,Yes Prosperity Reward Plus,Expires on 31st Mar
Get Flat 15% off on,Hotels with Yes Bank Credit Card EMI transactions!,YESMI,https://www.cleartrip.com/all-offers/wp-content/uploads/2023/12/YES-LOGO.jpg,https://www.cleartrip.com/all-offers/yes-ncemi-hotels-offer-2/,Yes Bank Card Anq Phi Credit  Card,Expires on 31st Mar
Get Flat 15% off on,Hotels with Yes Bank Credit Card EMI transactions!,YESMI,https://www.cleartrip.com/all-offers/wp-content/uploads/2023/12/YES-LOGO.jpg,https://www.cleartrip.com/all-offers/yes-ncemi-hotels-offer-2/,YES BANK Paisabazaar PaisaSave,Expires on 31st Mar
Get Flat 15% off on,Hotels with Yes Bank Credit Card EMI transactions!,YESMI,https://www.cleartrip.com/all-offers/wp-content/uploads/2023/12/YES-LOGO.jpg,https://www.cleartrip.com/all-offers/yes-ncemi-hotels-offer-2/,YES Bank Marquee,Expires on 31st Mar
Get Flat 15% off on,Hotels with Yes Bank Credit Card EMI transactions!,YESMI,https://www.cleartrip.com/all-offers/wp-content/uploads/2023/12/YES-LOGO.jpg,https://www.cleartrip.com/all-offers/yes-ncemi-hotels-offer-2/,Yes Prosperity Cashback Plus,Expires on 31st Mar
Get Flat 15% off on,Hotels with Yes Bank Credit Card EMI transactions!,YESMI,https://www.cleartrip.com/all-offers/wp-content/uploads/2023/12/YES-LOGO.jpg,https://www.cleartrip.com/all-offers/yes-ncemi-hotels-offer-2/,Yes EMI,Expires on 31st Mar
Get Flat 15% off on,Hotels with Yes Bank Credit Card EMI transactions!,YESMI,https://www.cleartrip.com/all-offers/wp-content/uploads/2023/12/YES-LOGO.jpg,https://www.cleartrip.com/all-offers/yes-ncemi-hotels-offer-2/,Yes RESERV,Expires on 31st Mar
Get Flat 15% off on,Hotels with Yes Bank Credit Card EMI transactions!,YESMI,https://www.cleartrip.com/all-offers/wp-content/uploads/2023/12/YES-LOGO.jpg,https://www.cleartrip.com/all-offers/yes-ncemi-hotels-offer-2/,Yes Prosperity Cashback,Expires on 31st Mar
Get Flat 15% off on,Hotels with Yes Bank Credit Card EMI transactions!,YESMI,https://www.cleartrip.com/all-offers/wp-content/uploads/2023/12/YES-LOGO.jpg,https://www.cleartrip.com/all-offers/yes-ncemi-hotels-offer-2/,Yes Bank BYOC,Expires on 31st Mar
Get Flat 15% off on,Hotels with Yes Bank Credit Card EMI transactions!,YESMI,https://www.cleartrip.com/all-offers/wp-content/uploads/2023/12/YES-LOGO.jpg,https://www.cleartrip.com/all-offers/yes-ncemi-hotels-offer-2/,Yes Bank Finbooster,Expires on 31st Mar
Get Flat 15% off on,Hotels with Yes Bank Credit Card EMI transactions!,YESMI,https://www.cleartrip.com/all-offers/wp-content/uploads/2023/12/YES-LOGO.jpg,https://www.cleartrip.com/all-offers/yes-ncemi-hotels-offer-2/,Yes Bank Wellness,Expires on 31st Mar
Get Flat 15% off on,Hotels with Yes Bank Credit Card EMI transactions!,YESMI,https://www.cleartrip.com/all-offers/wp-content/uploads/2023/12/YES-LOGO.jpg,https://www.cleartrip.com/all-offers/yes-ncemi-hotels-offer-2/,Yes Private Prime,Expires on 31st Mar
Get Flat 15% off on,Hotels with Yes Bank Credit Card EMI transactions!,YESMI,https://www.cleartrip.com/all-offers/wp-content/uploads/2023/12/YES-LOGO.jpg,https://www.cleartrip.com/all-offers/yes-ncemi-hotels-offer-2/,Yes Bank Wellness Plus,Expires on 31st Mar
Get Flat 15% off on,Hotels with Yes Bank Credit Card EMI transactions!,YESMI,https://www.cleartrip.com/all-offers/wp-content/uploads/2023/12/YES-LOGO.jpg,https://www.cleartrip.com/all-offers/yes-ncemi-hotels-offer-2/,Yes Prosperity Reward,Expires on 31st Mar
Get Flat 15% off on,Hotels with Yes Bank Credit Card EMI transactions!,YESMI,https://www.cleartrip.com/all-offers/wp-content/uploads/2023/12/YES-LOGO.jpg,https://www.cleartrip.com/all-offers/yes-ncemi-hotels-offer-2/,YES BANK Anq Pi,Expires on 31st Mar
Get Flat 15% off on,Hotels with Yes Bank Credit Card EMI transactions!,YESMI,https://www.cleartrip.com/all-offers/wp-content/uploads/2023/12/YES-LOGO.jpg,https://www.cleartrip.com/all-offers/yes-ncemi-hotels-offer-2/,YES Bank Rio RuPay,Expires on 31st Mar
Get Flat 15% off on,Hotels with Yes Bank Credit Card EMI transactions!,YESMI,https://www.cleartrip.com/all-offers/wp-content/uploads/2023/12/YES-LOGO.jpg,https://www.cleartrip.com/all-offers/yes-ncemi-hotels-offer-2/,Yes Prosperity Edge,Expires on 31st Mar
Get upto 20% off,Hotels with Bank of Baroda with NCEMI on Credit Cards,BOBEMI,https://www.cleartrip.com/all-offers/wp-content/uploads/2024/04/bob_logo.png,https://www.cleartrip.com/all-offers/bob-cc-emi-hotels-offer/,PREMIER,Expires on 30th Jun
Get upto 20% off,Hotels with Bank of Baroda with NCEMI on Credit Cards,BOBEMI,https://www.cleartrip.com/all-offers/wp-content/uploads/2024/04/bob_logo.png,https://www.cleartrip.com/all-offers/bob-cc-emi-hotels-offer/,BOB Assure,Expires on 30th Jun
Get upto 20% off,Hotels with Bank of Baroda with NCEMI on Credit Cards,BOBEMI,https://www.cleartrip.com/all-offers/wp-content/uploads/2024/04/bob_logo.png,https://www.cleartrip.com/all-offers/bob-cc-emi-hotels-offer/,BOBCARD ETERNA,Expires on 30th Jun
Get upto 20% off,Hotels with Bank of Baroda with NCEMI on Credit Cards,BOBEMI,https://www.cleartrip.com/all-offers/wp-content/uploads/2024/04/bob_logo.png,https://www.cleartrip.com/all-offers/bob-cc-emi-hotels-offer/,Indian Navy VARUNAH Premium,Expires on 30th Jun
Get upto 20% off,Hotels with Bank of Baroda with NCEMI on Credit Cards,BOBEMI,https://www.cleartrip.com/all-offers/wp-content/uploads/2024/04/bob_logo.png,https://www.cleartrip.com/all-offers/bob-cc-emi-hotels-offer/,CMA ONE,Expires on 30th Jun
Get upto 20% off,Hotels with Bank of Baroda with NCEMI on Credit Cards,BOBEMI,https://www.cleartrip.com/all-offers/wp-content/uploads/2024/04/bob_logo.png,https://www.cleartrip.com/all-offers/bob-cc-emi-hotels-offer/,ETERNA,Expires on 30th Jun
Get upto 20% off,Hotels with Bank of Baroda with NCEMI on Credit Cards,BOBEMI,https://www.cleartrip.com/all-offers/wp-content/uploads/2024/04/bob_logo.png,https://www.cleartrip.com/all-offers/bob-cc-emi-hotels-offer/,ICSI DIAMOND,Expires on 30th Jun
Get upto 20% off,Hotels with Bank of Baroda with NCEMI on Credit Cards,BOBEMI,https://www.cleartrip.com/all-offers/wp-content/uploads/2024/04/bob_logo.png,https://www.cleartrip.com/all-offers/bob-cc-emi-hotels-offer/,EASY,Expires on 30th Jun
Get upto 20% off,Hotels with Bank of Baroda with NCEMI on Credit Cards,BOBEMI,https://www.cleartrip.com/all-offers/wp-content/uploads/2024/04/bob_logo.png,https://www.cleartrip.com/all-offers/bob-cc-emi-hotels-offer/,ICAI EXCLUSIVE,Expires on 30th Jun
Get upto 20% off,Hotels with Bank of Baroda with NCEMI on Credit Cards,BOBEMI,https://www.cleartrip.com/all-offers/wp-content/uploads/2024/04/bob_logo.png,https://www.cleartrip.com/all-offers/bob-cc-emi-hotels-offer/,Assam Rifles The SENTINEL,Expires on 30th Jun
Get upto 20% off,Hotels with Bank of Baroda with NCEMI on Credit Cards,BOBEMI,https://www.cleartrip.com/all-offers/wp-content/uploads/2024/04/bob_logo.png,https://www.cleartrip.com/all-offers/bob-cc-emi-hotels-offer/,Indian Army YODDHA,Expires on 30th Jun
Get upto 20% off,Hotels with Bank of Baroda with NCEMI on Credit Cards,BOBEMI,https://www.cleartrip.com/all-offers/wp-content/uploads/2024/04/bob_logo.png,https://www.cleartrip.com/all-offers/bob-cc-emi-hotels-offer/,HPCL BoB ENERGIE,Expires on 30th Jun
Get upto 20% off,Hotels with Bank of Baroda with NCEMI on Credit Cards,BOBEMI,https://www.cleartrip.com/all-offers/wp-content/uploads/2024/04/bob_logo.png,https://www.cleartrip.com/all-offers/bob-cc-emi-hotels-offer/,PRIME,Expires on 30th Jun
Get upto 20% off,Hotels with Bank of Baroda with NCEMI on Credit Cards,BOBEMI,https://www.cleartrip.com/all-offers/wp-content/uploads/2024/04/bob_logo.png,https://www.cleartrip.com/all-offers/bob-cc-emi-hotels-offer/,SWAVLAMBAN,Expires on 30th Jun
Get upto 20% off,Hotels with Bank of Baroda with NCEMI on Credit Cards,BOBEMI,https://www.cleartrip.com/all-offers/wp-content/uploads/2024/04/bob_logo.png,https://www.cleartrip.com/all-offers/bob-cc-emi-hotels-offer/,IRCTC BoB,Expires on 30th Jun
Get upto 20% off,Hotels with Bank of Baroda with NCEMI on Credit Cards,BOBEMI,https://www.cleartrip.com/all-offers/wp-content/uploads/2024/04/bob_logo.png,https://www.cleartrip.com/all-offers/bob-cc-emi-hotels-offer/,SNAPDEAL,Expires on 30th Jun
Get upto 20% off,Hotels with Bank of Baroda with NCEMI on Credit Cards,BOBEMI,https://www.cleartrip.com/all-offers/wp-content/uploads/2024/04/bob_logo.png,https://www.cleartrip.com/all-offers/bob-cc-emi-hotels-offer/,UNNATI,Expires on 30th Jun
Get upto 20% off,Hotels with Bank of Baroda with NCEMI on Credit Cards,BOBEMI,https://www.cleartrip.com/all-offers/wp-content/uploads/2024/04/bob_logo.png,https://www.cleartrip.com/all-offers/bob-cc-emi-hotels-offer/,Indian Coast Guard Rakshamah,Expires on 30th Jun
Get upto 20% off,Hotels with Bank of Baroda with NCEMI on Credit Cards,BOBEMI,https://www.cleartrip.com/all-offers/wp-content/uploads/2024/04/bob_logo.png,https://www.cleartrip.com/all-offers/bob-cc-emi-hotels-offer/,SELECT,Expires on 30th Jun
Get up to 15% off,Hotels with AU Bank Credit Cards.,AUCC,https://www.cleartrip.com/all-offers/wp-content/uploads/2024/01/Au.jpg,https://www.cleartrip.com/all-offers/u-credit-cards-campaign-on-hotels/,AU Small Finance Bank Altura,
Get up to 15% off,Hotels with AU Bank Credit Cards.,AUCC,https://www.cleartrip.com/all-offers/wp-content/uploads/2024/01/Au.jpg,https://www.cleartrip.com/all-offers/u-credit-cards-campaign-on-hotels/,AU Bank Zenith+,
Get up to 15% off,Hotels with AU Bank Credit Cards.,AUCC,https://www.cleartrip.com/all-offers/wp-content/uploads/2024/01/Au.jpg,https://www.cleartrip.com/all-offers/u-credit-cards-campaign-on-hotels/,Au Small Finance Bank Vetta,
Get up to 15% off,Hotels with AU Bank Credit Cards.,AUCC,https://www.cleartrip.com/all-offers/wp-content/uploads/2024/01/Au.jpg,https://www.cleartrip.com/all-offers/u-credit-cards-campaign-on-hotels/,AU Bank InstaPay,
Get up to 15% off,Hotels with AU Bank Credit Cards.,AUCC,https://www.cleartrip.com/all-offers/wp-content/uploads/2024/01/Au.jpg,https://www.cleartrip.com/all-offers/u-credit-cards-campaign-on-hotels/,AU Small Finance Bank Altura Plus,
Get up to 15% off,Hotels with AU Bank Credit Cards.,AUCC,https://www.cleartrip.com/all-offers/wp-content/uploads/2024/01/Au.jpg,https://www.cleartrip.com/all-offers/u-credit-cards-campaign-on-hotels/,AU Small Finance Bank Zenith,
Get up to 15% off,Hotels with AU Bank Credit Cards.,AUCC,https://www.cleartrip.com/all-offers/wp-content/uploads/2024/01/Au.jpg,https://www.cleartrip.com/all-offers/u-credit-cards-campaign-on-hotels/,AU Small Finance Bank ixigo,
Get up to 15% off,Hotels with AU Bank Credit Cards.,AUCC,https://www.cleartrip.com/all-offers/wp-content/uploads/2024/01/Au.jpg,https://www.cleartrip.com/all-offers/u-credit-cards-campaign-on-hotels/,AU Small Finance Bank LIT,
Get upto 15% off,Hotels with IDFC Bank with EMI on Credit Cards,IDFCEMI,https://www.cleartrip.com/all-offers/wp-content/uploads/2023/11/idfc-e1715077608337.jpg,https://www.cleartrip.com/all-offers/idfc-first-bank-credit-cards-hotels-campaign/,IDFC Bank First Millennia,
Get upto 15% off,Hotels with IDFC Bank with EMI on Credit Cards,IDFCEMI,https://www.cleartrip.com/all-offers/wp-content/uploads/2023/11/idfc-e1715077608337.jpg,https://www.cleartrip.com/all-offers/idfc-first-bank-credit-cards-hotels-campaign/,IDFC First Power RuPay,
Get upto 15% off,Hotels with IDFC Bank with EMI on Credit Cards,IDFCEMI,https://www.cleartrip.com/all-offers/wp-content/uploads/2023/11/idfc-e1715077608337.jpg,https://www.cleartrip.com/all-offers/idfc-first-bank-credit-cards-hotels-campaign/,IDFC First Select,
Get upto 15% off,Hotels with IDFC Bank with EMI on Credit Cards,IDFCEMI,https://www.cleartrip.com/all-offers/wp-content/uploads/2023/11/idfc-e1715077608337.jpg,https://www.cleartrip.com/all-offers/idfc-first-bank-credit-cards-hotels-campaign/,IDFC Bank First Classic,
Get upto 15% off,Hotels with IDFC Bank with EMI on Credit Cards,IDFCEMI,https://www.cleartrip.com/all-offers/wp-content/uploads/2023/11/idfc-e1715077608337.jpg,https://www.cleartrip.com/all-offers/idfc-first-bank-credit-cards-hotels-campaign/,FIRST EARN RuPay,
Get upto 15% off,Hotels with IDFC Bank with EMI on Credit Cards,IDFCEMI,https://www.cleartrip.com/all-offers/wp-content/uploads/2023/11/idfc-e1715077608337.jpg,https://www.cleartrip.com/all-offers/idfc-first-bank-credit-cards-hotels-campaign/,IDFC First Power+ RuPay,
Get upto 15% off,Hotels with IDFC Bank with EMI on Credit Cards,IDFCEMI,https://www.cleartrip.com/all-offers/wp-content/uploads/2023/11/idfc-e1715077608337.jpg,https://www.cleartrip.com/all-offers/idfc-first-bank-credit-cards-hotels-campaign/,IDFC FIRST SWYP,
Get upto 15% off,Hotels with IDFC Bank with EMI on Credit Cards,IDFCEMI,https://www.cleartrip.com/all-offers/wp-content/uploads/2023/11/idfc-e1715077608337.jpg,https://www.cleartrip.com/all-offers/idfc-first-bank-credit-cards-hotels-campaign/,IDFC Bank IDFC First Wealth,
Get upto 15% off,Hotels with IDFC Bank with EMI on Credit Cards,IDFCEMI,https://www.cleartrip.com/all-offers/wp-content/uploads/2023/11/idfc-e1715077608337.jpg,https://www.cleartrip.com/all-offers/idfc-first-bank-credit-cards-hotels-campaign/,Mayura,
Get upto 15% off,Hotels with IDFC Bank with EMI on Credit Cards,IDFCEMI,https://www.cleartrip.com/all-offers/wp-content/uploads/2023/11/idfc-e1715077608337.jpg,https://www.cleartrip.com/all-offers/idfc-first-bank-credit-cards-hotels-campaign/,IDFC First Bank First Private,
Get upto 15% off,Hotels with IDFC Bank with EMI on Credit Cards,IDFCEMI,https://www.cleartrip.com/all-offers/wp-content/uploads/2023/11/idfc-e1715077608337.jpg,https://www.cleartrip.com/all-offers/idfc-first-bank-credit-cards-hotels-campaign/,Ashva,
Get upto 15% off,Hotels with IDFC Bank with EMI on Credit Cards,IDFCEMI,https://www.cleartrip.com/all-offers/wp-content/uploads/2023/11/idfc-e1715077608337.jpg,https://www.cleartrip.com/all-offers/idfc-first-bank-credit-cards-hotels-campaign/,IDFC First Bank First Wow,
Flat 20% off on SBI Cards,Applicable on Credit Cards &amp; EMI Transactions!,SBICC | SBIEMI,https://www.cleartrip.com/all-offers/wp-content/uploads/2024/01/SBI-Logo-1.png,https://www.cleartrip.com/all-offers/sbi-credit-cards-weekly-campaign-2/,Tata Neu Plus Visa SBI Card,Expires on 30th Jun
Flat 20% off on SBI Cards,Applicable on Credit Cards &amp; EMI Transactions!,SBICC | SBIEMI,https://www.cleartrip.com/all-offers/wp-content/uploads/2024/01/SBI-Logo-1.png,https://www.cleartrip.com/all-offers/sbi-credit-cards-weekly-campaign-2/,Tata Neu Plus RuPay SBI Card,Expires on 30th Jun
,,,,,,
Flat 20% off on SBI Cards,Applicable on Credit Cards &amp; EMI Transactions!,SBICC | SBIEMI,https://www.cleartrip.com/all-offers/wp-content/uploads/2024/01/SBI-Logo-1.png,https://www.cleartrip.com/all-offers/sbi-credit-cards-weekly-campaign-2/,Tata Neu Infinity Visa SBI Card Copy,Expires on 30th Jun
Flat 20% off on SBI Cards,Applicable on Credit Cards &amp; EMI Transactions!,SBICC | SBIEMI,https://www.cleartrip.com/all-offers/wp-content/uploads/2024/01/SBI-Logo-1.png,https://www.cleartrip.com/all-offers/sbi-credit-cards-weekly-campaign-2/,Tata Neu Infinity RuPay SBI Card,Expires on 30th Jun
Flat 20% off on SBI Cards,Applicable on Credit Cards &amp; EMI Transactions!,SBICC | SBIEMI,https://www.cleartrip.com/all-offers/wp-content/uploads/2024/01/SBI-Logo-1.png,https://www.cleartrip.com/all-offers/sbi-credit-cards-weekly-campaign-2/,KrisFlyer SBI Card,Expires on 30th Jun
Flat 20% off on SBI Cards,Applicable on Credit Cards &amp; EMI Transactions!,SBICC | SBIEMI,https://www.cleartrip.com/all-offers/wp-content/uploads/2024/01/SBI-Logo-1.png,https://www.cleartrip.com/all-offers/sbi-credit-cards-weekly-campaign-2/,Etihad Guest SBI Card,Expires on 30th Jun
Flat 20% off on SBI Cards,Applicable on Credit Cards &amp; EMI Transactions!,SBICC | SBIEMI,https://www.cleartrip.com/all-offers/wp-content/uploads/2024/01/SBI-Logo-1.png,https://www.cleartrip.com/all-offers/sbi-credit-cards-weekly-campaign-2/,SBI Card Prime,Expires on 30th Jun
Flat 20% off on SBI Cards,Applicable on Credit Cards &amp; EMI Transactions!,SBICC | SBIEMI,https://www.cleartrip.com/all-offers/wp-content/uploads/2024/01/SBI-Logo-1.png,https://www.cleartrip.com/all-offers/sbi-credit-cards-weekly-campaign-2/,PSB SBI Card Prime,Expires on 30th Jun
Flat 20% off on SBI Cards,Applicable on Credit Cards &amp; EMI Transactions!,SBICC | SBIEMI,https://www.cleartrip.com/all-offers/wp-content/uploads/2024/01/SBI-Logo-1.png,https://www.cleartrip.com/all-offers/sbi-credit-cards-weekly-campaign-2/,IRCTC SBI Card (on RuPay platform),Expires on 30th Jun
Flat 20% off on SBI Cards,Applicable on Credit Cards &amp; EMI Transactions!,SBICC | SBIEMI,https://www.cleartrip.com/all-offers/wp-content/uploads/2024/01/SBI-Logo-1.png,https://www.cleartrip.com/all-offers/sbi-credit-cards-weekly-campaign-2/,Etihad Guest SBI Premier Card,Expires on 30th Jun
Flat 20% off on SBI Cards,Applicable on Credit Cards &amp; EMI Transactions!,SBICC | SBIEMI,https://www.cleartrip.com/all-offers/wp-content/uploads/2024/01/SBI-Logo-1.png,https://www.cleartrip.com/all-offers/sbi-credit-cards-weekly-campaign-2/,Air India SBI Signature Card,Expires on 30th Jun
Flat 20% off on SBI Cards,Applicable on Credit Cards &amp; EMI Transactions!,SBICC | SBIEMI,https://www.cleartrip.com/all-offers/wp-content/uploads/2024/01/SBI-Logo-1.png,https://www.cleartrip.com/all-offers/sbi-credit-cards-weekly-campaign-2/,Spar SBI Card Prime,Expires on 30th Jun
Flat 20% off on SBI Cards,Applicable on Credit Cards &amp; EMI Transactions!,SBICC | SBIEMI,https://www.cleartrip.com/all-offers/wp-content/uploads/2024/01/SBI-Logo-1.png,https://www.cleartrip.com/all-offers/sbi-credit-cards-weekly-campaign-2/,UCO Bank SBI Card Elite,Expires on 30th Jun
Flat 20% off on SBI Cards,Applicable on Credit Cards &amp; EMI Transactions!,SBICC | SBIEMI,https://www.cleartrip.com/all-offers/wp-content/uploads/2024/01/SBI-Logo-1.png,https://www.cleartrip.com/all-offers/sbi-credit-cards-weekly-campaign-2/,Shaurya SBI Card,Expires on 30th Jun
Flat 20% off on SBI Cards,Applicable on Credit Cards &amp; EMI Transactions!,SBICC | SBIEMI,https://www.cleartrip.com/all-offers/wp-content/uploads/2024/01/SBI-Logo-1.png,https://www.cleartrip.com/all-offers/sbi-credit-cards-weekly-campaign-2/,SBI Card MILES,Expires on 30th Jun
Flat 20% off on SBI Cards,Applicable on Credit Cards &amp; EMI Transactions!,SBICC | SBIEMI,https://www.cleartrip.com/all-offers/wp-content/uploads/2024/01/SBI-Logo-1.png,https://www.cleartrip.com/all-offers/sbi-credit-cards-weekly-campaign-2/,Ola Money SBI Card,Expires on 30th Jun
Flat 20% off on SBI Cards,Applicable on Credit Cards &amp; EMI Transactions!,SBICC | SBIEMI,https://www.cleartrip.com/all-offers/wp-content/uploads/2024/01/SBI-Logo-1.png,https://www.cleartrip.com/all-offers/sbi-credit-cards-weekly-campaign-2/,Club Vistara SBI Card,Expires on 30th Jun
Flat 20% off on SBI Cards,Applicable on Credit Cards &amp; EMI Transactions!,SBICC | SBIEMI,https://www.cleartrip.com/all-offers/wp-content/uploads/2024/01/SBI-Logo-1.png,https://www.cleartrip.com/all-offers/sbi-credit-cards-weekly-campaign-2/,Central Bank of India SBI Card Elite,Expires on 30th Jun
Flat 20% off on SBI Cards,Applicable on Credit Cards &amp; EMI Transactions!,SBICC | SBIEMI,https://www.cleartrip.com/all-offers/wp-content/uploads/2024/01/SBI-Logo-1.png,https://www.cleartrip.com/all-offers/sbi-credit-cards-weekly-campaign-2/,Paytm SBI Card,Expires on 30th Jun
Flat 20% off on SBI Cards,Applicable on Credit Cards &amp; EMI Transactions!,SBICC | SBIEMI,https://www.cleartrip.com/all-offers/wp-content/uploads/2024/01/SBI-Logo-1.png,https://www.cleartrip.com/all-offers/sbi-credit-cards-weekly-campaign-2/,BPCL SBI Card,Expires on 30th Jun
Flat 20% off on SBI Cards,Applicable on Credit Cards &amp; EMI Transactions!,SBICC | SBIEMI,https://www.cleartrip.com/all-offers/wp-content/uploads/2024/01/SBI-Logo-1.png,https://www.cleartrip.com/all-offers/sbi-credit-cards-weekly-campaign-2/,Lifestyle Home Centre SBI Card Select,Expires on 30th Jun
Flat 20% off on SBI Cards,Applicable on Credit Cards &amp; EMI Transactions!,SBICC | SBIEMI,https://www.cleartrip.com/all-offers/wp-content/uploads/2024/01/SBI-Logo-1.png,https://www.cleartrip.com/all-offers/sbi-credit-cards-weekly-campaign-2/,Yatra SBI Card,Expires on 30th Jun
Flat 20% off on SBI Cards,Applicable on Credit Cards &amp; EMI Transactions!,SBICC | SBIEMI,https://www.cleartrip.com/all-offers/wp-content/uploads/2024/01/SBI-Logo-1.png,https://www.cleartrip.com/all-offers/sbi-credit-cards-weekly-campaign-2/,BPCL SBI Card Octane,Expires on 30th Jun
Flat 20% off on SBI Cards,Applicable on Credit Cards &amp; EMI Transactions!,SBICC | SBIEMI,https://www.cleartrip.com/all-offers/wp-content/uploads/2024/01/SBI-Logo-1.png,https://www.cleartrip.com/all-offers/sbi-credit-cards-weekly-campaign-2/,Reliance SBI Card,Expires on 30th Jun
Flat 20% off on SBI Cards,Applicable on Credit Cards &amp; EMI Transactions!,SBICC | SBIEMI,https://www.cleartrip.com/all-offers/wp-content/uploads/2024/01/SBI-Logo-1.png,https://www.cleartrip.com/all-offers/sbi-credit-cards-weekly-campaign-2/,Spar SBI Card,Expires on 30th Jun
Flat 20% off on SBI Cards,Applicable on Credit Cards &amp; EMI Transactions!,SBICC | SBIEMI,https://www.cleartrip.com/all-offers/wp-content/uploads/2024/01/SBI-Logo-1.png,https://www.cleartrip.com/all-offers/sbi-credit-cards-weekly-campaign-2/,Max SBI Card Select,Expires on 30th Jun
Flat 20% off on SBI Cards,Applicable on Credit Cards &amp; EMI Transactions!,SBICC | SBIEMI,https://www.cleartrip.com/all-offers/wp-content/uploads/2024/01/SBI-Logo-1.png,https://www.cleartrip.com/all-offers/sbi-credit-cards-weekly-campaign-2/,SimplySave SBI Card,Expires on 30th Jun
Flat 20% off on SBI Cards,Applicable on Credit Cards &amp; EMI Transactions!,SBICC | SBIEMI,https://www.cleartrip.com/all-offers/wp-content/uploads/2024/01/SBI-Logo-1.png,https://www.cleartrip.com/all-offers/sbi-credit-cards-weekly-campaign-2/,Central Bank of India SBI Card Prime,Expires on 30th Jun
Flat 20% off on SBI Cards,Applicable on Credit Cards &amp; EMI Transactions!,SBICC | SBIEMI,https://www.cleartrip.com/all-offers/wp-content/uploads/2024/01/SBI-Logo-1.png,https://www.cleartrip.com/all-offers/sbi-credit-cards-weekly-campaign-2/,IRCTC SBI Platinum Card,Expires on 30th Jun
Flat 20% off on SBI Cards,Applicable on Credit Cards &amp; EMI Transactions!,SBICC | SBIEMI,https://www.cleartrip.com/all-offers/wp-content/uploads/2024/01/SBI-Logo-1.png,https://www.cleartrip.com/all-offers/sbi-credit-cards-weekly-campaign-2/,Apollo SBI Card,Expires on 30th Jun
Flat 20% off on SBI Cards,Applicable on Credit Cards &amp; EMI Transactions!,SBICC | SBIEMI,https://www.cleartrip.com/all-offers/wp-content/uploads/2024/01/SBI-Logo-1.png,https://www.cleartrip.com/all-offers/sbi-credit-cards-weekly-campaign-2/,SimplyClick SBI Card,Expires on 30th Jun
Flat 20% off on SBI Cards,Applicable on Credit Cards &amp; EMI Transactions!,SBICC | SBIEMI,https://www.cleartrip.com/all-offers/wp-content/uploads/2024/01/SBI-Logo-1.png,https://www.cleartrip.com/all-offers/sbi-credit-cards-weekly-campaign-2/,Lifestyle Home Centre SBI Card PRIME,Expires on 30th Jun
Flat 20% off on SBI Cards,Applicable on Credit Cards &amp; EMI Transactions!,SBICC | SBIEMI,https://www.cleartrip.com/all-offers/wp-content/uploads/2024/01/SBI-Logo-1.png,https://www.cleartrip.com/all-offers/sbi-credit-cards-weekly-campaign-2/,City Union Bank SBI Card Prime,Expires on 30th Jun
Flat 20% off on SBI Cards,Applicable on Credit Cards &amp; EMI Transactions!,SBICC | SBIEMI,https://www.cleartrip.com/all-offers/wp-content/uploads/2024/01/SBI-Logo-1.png,https://www.cleartrip.com/all-offers/sbi-credit-cards-weekly-campaign-2/,SBI Card Elite,Expires on 30th Jun
Flat 20% off on SBI Cards,Applicable on Credit Cards &amp; EMI Transactions!,SBICC | SBIEMI,https://www.cleartrip.com/all-offers/wp-content/uploads/2024/01/SBI-Logo-1.png,https://www.cleartrip.com/all-offers/sbi-credit-cards-weekly-campaign-2/,PSB SBI Card Elite,Expires on 30th Jun
Flat 20% off on SBI Cards,Applicable on Credit Cards &amp; EMI Transactions!,SBICC | SBIEMI,https://www.cleartrip.com/all-offers/wp-content/uploads/2024/01/SBI-Logo-1.png,https://www.cleartrip.com/all-offers/sbi-credit-cards-weekly-campaign-2/,FabIndia SBI Card Select,Expires on 30th Jun
Flat 20% off on SBI Cards,Applicable on Credit Cards &amp; EMI Transactions!,SBICC | SBIEMI,https://www.cleartrip.com/all-offers/wp-content/uploads/2024/01/SBI-Logo-1.png,https://www.cleartrip.com/all-offers/sbi-credit-cards-weekly-campaign-2/,SBI Cashback Card,Expires on 30th Jun
Flat 20% off on SBI Cards,Applicable on Credit Cards &amp; EMI Transactions!,SBICC | SBIEMI,https://www.cleartrip.com/all-offers/wp-content/uploads/2024/01/SBI-Logo-1.png,https://www.cleartrip.com/all-offers/sbi-credit-cards-weekly-campaign-2/,Max SBI Card Prime,Expires on 30th Jun
Flat 20% off on SBI Cards,Applicable on Credit Cards &amp; EMI Transactions!,SBICC | SBIEMI,https://www.cleartrip.com/all-offers/wp-content/uploads/2024/01/SBI-Logo-1.png,https://www.cleartrip.com/all-offers/sbi-credit-cards-weekly-campaign-2/,Doctor's SBI Card (In Association With IMA),Expires on 30th Jun
Flat 20% off on SBI Cards,Applicable on Credit Cards &amp; EMI Transactions!,SBICC | SBIEMI,https://www.cleartrip.com/all-offers/wp-content/uploads/2024/01/SBI-Logo-1.png,https://www.cleartrip.com/all-offers/sbi-credit-cards-weekly-campaign-2/,Paytm SBI Card SELECT,Expires on 30th Jun
Flat 20% off on SBI Cards,Applicable on Credit Cards &amp; EMI Transactions!,SBICC | SBIEMI,https://www.cleartrip.com/all-offers/wp-content/uploads/2024/01/SBI-Logo-1.png,https://www.cleartrip.com/all-offers/sbi-credit-cards-weekly-campaign-2/,SBI PULSE,Expires on 30th Jun
Flat 20% off on SBI Cards,Applicable on Credit Cards &amp; EMI Transactions!,SBICC | SBIEMI,https://www.cleartrip.com/all-offers/wp-content/uploads/2024/01/SBI-Logo-1.png,https://www.cleartrip.com/all-offers/sbi-credit-cards-weekly-campaign-2/,SimplyClick Advantage SBI Card,Expires on 30th Jun
Flat 20% off on SBI Cards,Applicable on Credit Cards &amp; EMI Transactions!,SBICC | SBIEMI,https://www.cleartrip.com/all-offers/wp-content/uploads/2024/01/SBI-Logo-1.png,https://www.cleartrip.com/all-offers/sbi-credit-cards-weekly-campaign-2/,Aditya Birla SBI Card,Expires on 30th Jun
Flat 20% off on SBI Cards,Applicable on Credit Cards &amp; EMI Transactions!,SBICC | SBIEMI,https://www.cleartrip.com/all-offers/wp-content/uploads/2024/01/SBI-Logo-1.png,https://www.cleartrip.com/all-offers/sbi-credit-cards-weekly-campaign-2/,Reliance SBI Card Prime,Expires on 30th Jun
Flat 20% off on SBI Cards,Applicable on Credit Cards &amp; EMI Transactions!,SBICC | SBIEMI,https://www.cleartrip.com/all-offers/wp-content/uploads/2024/01/SBI-Logo-1.png,https://www.cleartrip.com/all-offers/sbi-credit-cards-weekly-campaign-2/,SimplySave Advantage SBI Card,Expires on 30th Jun
Flat 20% off on SBI Cards,Applicable on Credit Cards &amp; EMI Transactions!,SBICC | SBIEMI,https://www.cleartrip.com/all-offers/wp-content/uploads/2024/01/SBI-Logo-1.png,https://www.cleartrip.com/all-offers/sbi-credit-cards-weekly-campaign-2/,Air India SBI Platinum Card,Expires on 30th Jun
Flat 20% off on SBI Cards,Applicable on Credit Cards &amp; EMI Transactions!,SBICC | SBIEMI,https://www.cleartrip.com/all-offers/wp-content/uploads/2024/01/SBI-Logo-1.png,https://www.cleartrip.com/all-offers/sbi-credit-cards-weekly-campaign-2/,UCO Bank SBI Card Prime,Expires on 30th Jun
Flat 20% off on SBI Cards,Applicable on Credit Cards &amp; EMI Transactions!,SBICC | SBIEMI,https://www.cleartrip.com/all-offers/wp-content/uploads/2024/01/SBI-Logo-1.png,https://www.cleartrip.com/all-offers/sbi-credit-cards-weekly-campaign-2/,Spar SBI Card Select,Expires on 30th Jun
Flat 20% off on SBI Cards,Applicable on Credit Cards &amp; EMI Transactions!,SBICC | SBIEMI,https://www.cleartrip.com/all-offers/wp-content/uploads/2024/01/SBI-Logo-1.png,https://www.cleartrip.com/all-offers/sbi-credit-cards-weekly-campaign-2/,Club Vistara SBI Card Prime,Expires on 30th Jun
Flat 20% off on SBI Cards,Applicable on Credit Cards &amp; EMI Transactions!,SBICC | SBIEMI,https://www.cleartrip.com/all-offers/wp-content/uploads/2024/01/SBI-Logo-1.png,https://www.cleartrip.com/all-offers/sbi-credit-cards-weekly-campaign-2/,Shaurya Select SBI Card,Expires on 30th Jun
Flat 20% off on SBI Cards,Applicable on Credit Cards &amp; EMI Transactions!,SBICC | SBIEMI,https://www.cleartrip.com/all-offers/wp-content/uploads/2024/01/SBI-Logo-1.png,https://www.cleartrip.com/all-offers/sbi-credit-cards-weekly-campaign-2/,IRCTC SBI Card Premier,Expires on 30th Jun
Flat 20% off on SBI Cards,Applicable on Credit Cards &amp; EMI Transactions!,SBICC | SBIEMI,https://www.cleartrip.com/all-offers/wp-content/uploads/2024/01/SBI-Logo-1.png,https://www.cleartrip.com/all-offers/sbi-credit-cards-weekly-campaign-2/,Doctor's SBI Card,Expires on 30th Jun
Flat 20% off on SBI Cards,Applicable on Credit Cards &amp; EMI Transactions!,SBICC | SBIEMI,https://www.cleartrip.com/all-offers/wp-content/uploads/2024/01/SBI-Logo-1.png,https://www.cleartrip.com/all-offers/sbi-credit-cards-weekly-campaign-2/,Lifestyle Home Centre SBI Card,Expires on 30th Jun
Flat 20% off on SBI Cards,Applicable on Credit Cards &amp; EMI Transactions!,SBICC | SBIEMI,https://www.cleartrip.com/all-offers/wp-content/uploads/2024/01/SBI-Logo-1.png,https://www.cleartrip.com/all-offers/sbi-credit-cards-weekly-campaign-2/,SBI Titan,Expires on 30th Jun
Flat 20% off on SBI Cards,Applicable on Credit Cards &amp; EMI Transactions!,SBICC | SBIEMI,https://www.cleartrip.com/all-offers/wp-content/uploads/2024/01/SBI-Logo-1.png,https://www.cleartrip.com/all-offers/sbi-credit-cards-weekly-campaign-2/,Max SBI Card,Expires on 30th Jun
Flat 20% off on SBI Cards,Applicable on Credit Cards &amp; EMI Transactions!,SBICC | SBIEMI,https://www.cleartrip.com/all-offers/wp-content/uploads/2024/01/SBI-Logo-1.png,https://www.cleartrip.com/all-offers/sbi-credit-cards-weekly-campaign-2/,SBI Card Miles Elite,Expires on 30th Jun
Flat 20% off on SBI Cards,Applicable on Credit Cards &amp; EMI Transactions!,SBICC | SBIEMI,https://www.cleartrip.com/all-offers/wp-content/uploads/2024/01/SBI-Logo-1.png,https://www.cleartrip.com/all-offers/sbi-credit-cards-weekly-campaign-2/,FabIndia SBI Card,Expires on 30th Jun
Flat 20% off on SBI Cards,Applicable on Credit Cards &amp; EMI Transactions!,SBICC | SBIEMI,https://www.cleartrip.com/all-offers/wp-content/uploads/2024/01/SBI-Logo-1.png,https://www.cleartrip.com/all-offers/sbi-credit-cards-weekly-campaign-2/,Aditya Birla SBI Card Select,Expires on 30th Jun
Flat 20% off on SBI Cards,Applicable on Credit Cards &amp; EMI Transactions!,SBICC | SBIEMI,https://www.cleartrip.com/all-offers/wp-content/uploads/2024/01/SBI-Logo-1.png,https://www.cleartrip.com/all-offers/sbi-credit-cards-weekly-campaign-2/,SBI Card Unnati,Expires on 30th Jun
Flat 20% off,Hotels with AU Bank Credit Cards.,AUFEST,https://www.cleartrip.com/all-offers/wp-content/uploads/2024/01/Au.jpg,https://www.cleartrip.com/all-offers/au-bank-hotels/,AU Small Finance Bank Altura,Expires on 16th Aug
Flat 20% off,Hotels with AU Bank Credit Cards.,AUFEST,https://www.cleartrip.com/all-offers/wp-content/uploads/2024/01/Au.jpg,https://www.cleartrip.com/all-offers/au-bank-hotels/,AU Bank Zenith+,Expires on 16th Aug
Flat 20% off,Hotels with AU Bank Credit Cards.,AUFEST,https://www.cleartrip.com/all-offers/wp-content/uploads/2024/01/Au.jpg,https://www.cleartrip.com/all-offers/au-bank-hotels/,Au Small Finance Bank Vetta,Expires on 16th Aug
Flat 20% off,Hotels with AU Bank Credit Cards.,AUFEST,https://www.cleartrip.com/all-offers/wp-content/uploads/2024/01/Au.jpg,https://www.cleartrip.com/all-offers/au-bank-hotels/,AU Bank InstaPay,Expires on 16th Aug
Flat 20% off,Hotels with AU Bank Credit Cards.,AUFEST,https://www.cleartrip.com/all-offers/wp-content/uploads/2024/01/Au.jpg,https://www.cleartrip.com/all-offers/au-bank-hotels/,AU Small Finance Bank Altura Plus,Expires on 16th Aug
Flat 20% off,Hotels with AU Bank Credit Cards.,AUFEST,https://www.cleartrip.com/all-offers/wp-content/uploads/2024/01/Au.jpg,https://www.cleartrip.com/all-offers/au-bank-hotels/,AU Small Finance Bank Zenith,Expires on 16th Aug
Flat 20% off,Hotels with AU Bank Credit Cards.,AUFEST,https://www.cleartrip.com/all-offers/wp-content/uploads/2024/01/Au.jpg,https://www.cleartrip.com/all-offers/au-bank-hotels/,AU Small Finance Bank ixigo,Expires on 16th Aug
Flat 20% off,Hotels with AU Bank Credit Cards.,AUFEST,https://www.cleartrip.com/all-offers/wp-content/uploads/2024/01/Au.jpg,https://www.cleartrip.com/all-offers/au-bank-hotels/,AU Small Finance Bank LIT,Expires on 16th Aug
Get upto 25% off,Hotels with American Express Credit Card with No Cost EMI,AMEXEMI,https://www.cleartrip.com/all-offers/wp-content/uploads/2024/05/american-express.jpg,https://www.cleartrip.com/all-offers/federal-bank-credit-debit-cards-hotels-offer/,Fed StarBiz RuPay,Expires on 30th Jun
Get upto 25% off,Hotels with American Express Credit Card with No Cost EMI,AMEXEMI,https://www.cleartrip.com/all-offers/wp-content/uploads/2024/05/american-express.jpg,https://www.cleartrip.com/all-offers/federal-bank-credit-debit-cards-hotels-offer/,Federal Bank Mastercard Signet,Expires on 30th Jun
Get upto 25% off,Hotels with American Express Credit Card with No Cost EMI,AMEXEMI,https://www.cleartrip.com/all-offers/wp-content/uploads/2024/05/american-express.jpg,https://www.cleartrip.com/all-offers/federal-bank-credit-debit-cards-hotels-offer/,Federal Bank MagniFi,Expires on 30th Jun
Get upto 25% off,Hotels with American Express Credit Card with No Cost EMI,AMEXEMI,https://www.cleartrip.com/all-offers/wp-content/uploads/2024/05/american-express.jpg,https://www.cleartrip.com/all-offers/federal-bank-credit-debit-cards-hotels-offer/,Federal Bank AmpliFi,Expires on 30th Jun
Get upto 25% off,Hotels with American Express Credit Card with No Cost EMI,AMEXEMI,https://www.cleartrip.com/all-offers/wp-content/uploads/2024/05/american-express.jpg,https://www.cleartrip.com/all-offers/federal-bank-credit-debit-cards-hotels-offer/,Federal Bank Wave,Expires on 30th Jun
Get upto 25% off,Hotels with American Express Credit Card with No Cost EMI,AMEXEMI,https://www.cleartrip.com/all-offers/wp-content/uploads/2024/05/american-express.jpg,https://www.cleartrip.com/all-offers/federal-bank-credit-debit-cards-hotels-offer/,Federal Bank Rupay Signet,Expires on 30th Jun
Get upto 25% off,Hotels with American Express Credit Card with No Cost EMI,AMEXEMI,https://www.cleartrip.com/all-offers/wp-content/uploads/2024/05/american-express.jpg,https://www.cleartrip.com/all-offers/federal-bank-credit-debit-cards-hotels-offer/,Federal Bank Scapia,Expires on 30th Jun
Get upto 25% off,Hotels with American Express Credit Card with No Cost EMI,AMEXEMI,https://www.cleartrip.com/all-offers/wp-content/uploads/2024/05/american-express.jpg,https://www.cleartrip.com/all-offers/federal-bank-credit-debit-cards-hotels-offer/,Federal Bank Visa Celesta,Expires on 30th Jun
Get upto 25% off,Hotels with American Express Credit Card with No Cost EMI,AMEXEMI,https://www.cleartrip.com/all-offers/wp-content/uploads/2024/05/american-express.jpg,https://www.cleartrip.com/all-offers/federal-bank-credit-debit-cards-hotels-offer/,Federal Bank Visa Imperio,Expires on 30th Jun
Get upto 15% off,Hotels with Fed Bank with NCEMI on Credit Cards,FEDEMI,https://www.cleartrip.com/all-offers/wp-content/uploads/2024/01/Fed-Logo.png,https://www.cleartrip.com/all-offers/fed-bank-cc-ncemi-hotels-offer/,Fed StarBiz RuPay,Expires on 30th Apr
Get upto 15% off,Hotels with Fed Bank with NCEMI on Credit Cards,FEDEMI,https://www.cleartrip.com/all-offers/wp-content/uploads/2024/01/Fed-Logo.png,https://www.cleartrip.com/all-offers/fed-bank-cc-ncemi-hotels-offer/,Federal Bank Mastercard Signet,Expires on 30th Apr
Get upto 15% off,Hotels with Fed Bank with NCEMI on Credit Cards,FEDEMI,https://www.cleartrip.com/all-offers/wp-content/uploads/2024/01/Fed-Logo.png,https://www.cleartrip.com/all-offers/fed-bank-cc-ncemi-hotels-offer/,Federal Bank MagniFi,Expires on 30th Apr
Get upto 15% off,Hotels with Fed Bank with NCEMI on Credit Cards,FEDEMI,https://www.cleartrip.com/all-offers/wp-content/uploads/2024/01/Fed-Logo.png,https://www.cleartrip.com/all-offers/fed-bank-cc-ncemi-hotels-offer/,Federal Bank AmpliFi,Expires on 30th Apr
Get upto 15% off,Hotels with Fed Bank with NCEMI on Credit Cards,FEDEMI,https://www.cleartrip.com/all-offers/wp-content/uploads/2024/01/Fed-Logo.png,https://www.cleartrip.com/all-offers/fed-bank-cc-ncemi-hotels-offer/,Federal Bank Wave,Expires on 30th Apr
Get upto 15% off,Hotels with Fed Bank with NCEMI on Credit Cards,FEDEMI,https://www.cleartrip.com/all-offers/wp-content/uploads/2024/01/Fed-Logo.png,https://www.cleartrip.com/all-offers/fed-bank-cc-ncemi-hotels-offer/,Federal Bank Rupay Signet,Expires on 30th Apr
Get upto 15% off,Hotels with Fed Bank with NCEMI on Credit Cards,FEDEMI,https://www.cleartrip.com/all-offers/wp-content/uploads/2024/01/Fed-Logo.png,https://www.cleartrip.com/all-offers/fed-bank-cc-ncemi-hotels-offer/,Federal Bank Scapia,Expires on 30th Apr
Get upto 15% off,Hotels with Fed Bank with NCEMI on Credit Cards,FEDEMI,https://www.cleartrip.com/all-offers/wp-content/uploads/2024/01/Fed-Logo.png,https://www.cleartrip.com/all-offers/fed-bank-cc-ncemi-hotels-offer/,Federal Bank Visa Celesta,Expires on 30th Apr
Get upto 15% off,Hotels with Fed Bank with NCEMI on Credit Cards,FEDEMI,https://www.cleartrip.com/all-offers/wp-content/uploads/2024/01/Fed-Logo.png,https://www.cleartrip.com/all-offers/fed-bank-cc-ncemi-hotels-offer/,Federal Bank Visa Imperio,Expires on 30th Apr
