Image,Offer,Unnamed: 2,Link,Credit Card
,,,,
https://www.yatra.com/ythomepagecms/media/todayspick_hotels/2024/Oct/e65d9c8128a9060440045f4efb119d6c.jpg,"Up to 40% OFF (upto Rs.6,000)",,https://www.yatra.com/offer/details/axis-bank-emi-offers,Axis Bank Miles And More World Credit Card
https://www.yatra.com/ythomepagecms/media/todayspick_hotels/2024/Oct/e65d9c8128a9060440045f4efb119d6c.jpg,"Up to 40% OFF (upto Rs.6,000)",,https://www.yatra.com/offer/details/axis-bank-emi-offers,Axis Bank Miles And More World Select Credit Card
https://www.yatra.com/ythomepagecms/media/todayspick_hotels/2024/Oct/e65d9c8128a9060440045f4efb119d6c.jpg,"Up to 40% OFF (upto Rs.6,000)",,https://www.yatra.com/offer/details/axis-bank-emi-offers,Axis Bank Rewards Credit Card
https://www.yatra.com/ythomepagecms/media/todayspick_hotels/2024/Oct/e65d9c8128a9060440045f4efb119d6c.jpg,"Up to 40% OFF (upto Rs.6,000)",,https://www.yatra.com/offer/details/axis-bank-emi-offers,Axis Bank Neo Credit Card
https://www.yatra.com/ythomepagecms/media/todayspick_hotels/2024/Oct/e65d9c8128a9060440045f4efb119d6c.jpg,"Up to 40% OFF (upto Rs.6,000)",,https://www.yatra.com/offer/details/axis-bank-emi-offers,Fibe Axis Bank Rupay Credit Card
https://www.yatra.com/ythomepagecms/media/todayspick_hotels/2024/Oct/e65d9c8128a9060440045f4efb119d6c.jpg,"Up to 40% OFF (upto Rs.6,000)",,https://www.yatra.com/offer/details/axis-bank-emi-offers,Axis KWIK Credit Card
https://www.yatra.com/ythomepagecms/media/todayspick_hotels/2024/Oct/e65d9c8128a9060440045f4efb119d6c.jpg,"Up to 40% OFF (upto Rs.6,000)",,https://www.yatra.com/offer/details/axis-bank-emi-offers,Axis Insta Easy Credit Card
https://www.yatra.com/ythomepagecms/media/todayspick_hotels/2024/Oct/e65d9c8128a9060440045f4efb119d6c.jpg,"Up to 40% OFF (upto Rs.6,000)",,https://www.yatra.com/offer/details/axis-bank-emi-offers,Axis Bank My Wings Credit Card
https://www.yatra.com/ythomepagecms/media/todayspick_hotels/2024/Oct/e65d9c8128a9060440045f4efb119d6c.jpg,"Up to 40% OFF (upto Rs.6,000)",,https://www.yatra.com/offer/details/axis-bank-emi-offers,Axis Bank Titanium Smart Traveller Credit Card
https://www.yatra.com/ythomepagecms/media/todayspick_hotels/2024/Oct/e65d9c8128a9060440045f4efb119d6c.jpg,"Up to 40% OFF (upto Rs.6,000)",,https://www.yatra.com/offer/details/axis-bank-emi-offers,Axis Bank Platinum Credit Card
https://www.yatra.com/ythomepagecms/media/todayspick_hotels/2024/Oct/e65d9c8128a9060440045f4efb119d6c.jpg,"Up to 40% OFF (upto Rs.6,000)",,https://www.yatra.com/offer/details/axis-bank-emi-offers,LIC Axis Bank Platinum Credit Card
https://www.yatra.com/ythomepagecms/media/todayspick_hotels/2024/Oct/e65d9c8128a9060440045f4efb119d6c.jpg,"Up to 40% OFF (upto Rs.6,000)",,https://www.yatra.com/offer/details/axis-bank-emi-offers,LIC Axis Bank Signature Credit Card
https://www.yatra.com/ythomepagecms/media/todayspick_hotels/2024/Oct/e65d9c8128a9060440045f4efb119d6c.jpg,"Up to 40% OFF (upto Rs.6,000)",,https://www.yatra.com/offer/details/axis-bank-emi-offers,Axis Bank Signature Credit Card
https://www.yatra.com/ythomepagecms/media/todayspick_hotels/2024/Oct/e65d9c8128a9060440045f4efb119d6c.jpg,"Up to 40% OFF (upto Rs.6,000)",,https://www.yatra.com/offer/details/axis-bank-emi-offers,Axis Bank Privilege Easy Credit Card
https://www.yatra.com/ythomepagecms/media/todayspick_hotels/2024/Oct/e65d9c8128a9060440045f4efb119d6c.jpg,"Up to 40% OFF (upto Rs.6,000)",,https://www.yatra.com/offer/details/axis-bank-emi-offers,Axis Bank Pride Signature Credit Card
https://www.yatra.com/ythomepagecms/media/todayspick_hotels/2024/Oct/e65d9c8128a9060440045f4efb119d6c.jpg,"Up to 40% OFF (upto Rs.6,000)",,https://www.yatra.com/offer/details/axis-bank-emi-offers,Axis Bank Pride Platinum Credit Card
https://www.yatra.com/ythomepagecms/media/todayspick_hotels/2024/Oct/e65d9c8128a9060440045f4efb119d6c.jpg,"Up to 40% OFF (upto Rs.6,000)",,https://www.yatra.com/offer/details/axis-bank-emi-offers,Axis Bank Ace Credit Card
https://www.yatra.com/ythomepagecms/media/todayspick_hotels/2024/Oct/e65d9c8128a9060440045f4efb119d6c.jpg,"Up to 40% OFF (upto Rs.6,000)",,https://www.yatra.com/offer/details/axis-bank-emi-offers,Axis Bank Freecharge Plus Credit Card
https://www.yatra.com/ythomepagecms/media/todayspick_hotels/2024/Oct/e65d9c8128a9060440045f4efb119d6c.jpg,"Up to 40% OFF (upto Rs.6,000)",,https://www.yatra.com/offer/details/axis-bank-emi-offers,Axis Bank Freecharge Credit Card
https://www.yatra.com/ythomepagecms/media/todayspick_hotels/2024/Oct/e65d9c8128a9060440045f4efb119d6c.jpg,"Up to 40% OFF (upto Rs.6,000)",,https://www.yatra.com/offer/details/axis-bank-emi-offers,Axis Bank Aura Credit Card
https://www.yatra.com/ythomepagecms/media/todayspick_hotels/2024/Oct/e65d9c8128a9060440045f4efb119d6c.jpg,"Up to 40% OFF (upto Rs.6,000)",,https://www.yatra.com/offer/details/axis-bank-emi-offers,Axis Bank Reserve Credit Card
https://www.yatra.com/ythomepagecms/media/todayspick_hotels/2024/Oct/e65d9c8128a9060440045f4efb119d6c.jpg,"Up to 40% OFF (upto Rs.6,000)",,https://www.yatra.com/offer/details/axis-bank-emi-offers,Axis Bank Neo Credit Card
https://www.yatra.com/ythomepagecms/media/todayspick_hotels/2024/Oct/e65d9c8128a9060440045f4efb119d6c.jpg,"Up to 40% OFF (upto Rs.6,000)",,https://www.yatra.com/offer/details/axis-bank-emi-offers,Flipkart Axis Bank SuperElite Credit Card
https://www.yatra.com/ythomepagecms/media/todayspick_hotels/2024/Oct/e65d9c8128a9060440045f4efb119d6c.jpg,"Up to 40% OFF (upto Rs.6,000)",,https://www.yatra.com/offer/details/axis-bank-emi-offers,Airtel Axis Bank Credit Card
https://www.yatra.com/ythomepagecms/media/todayspick_hotels/2024/Oct/e65d9c8128a9060440045f4efb119d6c.jpg,"Up to 40% OFF (upto Rs.6,000)",,https://www.yatra.com/offer/details/axis-bank-emi-offers,Samsung Axis Bank Infinite Credit Card
https://www.yatra.com/ythomepagecms/media/todayspick_hotels/2024/Oct/e65d9c8128a9060440045f4efb119d6c.jpg,"Up to 40% OFF (upto Rs.6,000)",,https://www.yatra.com/offer/details/axis-bank-emi-offers,Samsung Axis Bank Signature Credit Card
https://www.yatra.com/ythomepagecms/media/todayspick_hotels/2024/Oct/e65d9c8128a9060440045f4efb119d6c.jpg,"Up to 40% OFF (upto Rs.6,000)",,https://www.yatra.com/offer/details/axis-bank-emi-offers,Axis Bank SpiceJet Voyage Black Credit Card
https://www.yatra.com/ythomepagecms/media/todayspick_hotels/2024/Oct/e65d9c8128a9060440045f4efb119d6c.jpg,"Up to 40% OFF (upto Rs.6,000)",,https://www.yatra.com/offer/details/axis-bank-emi-offers,Axis Bank Atlas Credit Card
https://www.yatra.com/ythomepagecms/media/todayspick_hotels/2024/Oct/e65d9c8128a9060440045f4efb119d6c.jpg,"Up to 40% OFF (upto Rs.6,000)",,https://www.yatra.com/offer/details/axis-bank-emi-offers,SpiceJet Axis Bank Voyage Credit Card
https://www.yatra.com/ythomepagecms/media/todayspick_hotels/2024/Oct/e65d9c8128a9060440045f4efb119d6c.jpg,"Up to 40% OFF (upto Rs.6,000)",,https://www.yatra.com/offer/details/axis-bank-emi-offers,Axis Bank Select Credit Card
https://www.yatra.com/ythomepagecms/media/todayspick_hotels/2024/Oct/e65d9c8128a9060440045f4efb119d6c.jpg,"Up to 40% OFF (upto Rs.6,000)",,https://www.yatra.com/offer/details/axis-bank-emi-offers,Axis Bank Privilege Credit Card
https://www.yatra.com/ythomepagecms/media/todayspick_hotels/2024/Oct/e65d9c8128a9060440045f4efb119d6c.jpg,"Up to 40% OFF (upto Rs.6,000)",,https://www.yatra.com/offer/details/axis-bank-emi-offers,Axis Bank Vistara Infinite Credit Card
https://www.yatra.com/ythomepagecms/media/todayspick_hotels/2024/Oct/e65d9c8128a9060440045f4efb119d6c.jpg,"Up to 40% OFF (upto Rs.6,000)",,https://www.yatra.com/offer/details/axis-bank-emi-offers,Axis Bank Magnus Credit Card
https://www.yatra.com/ythomepagecms/media/todayspick_hotels/2024/Oct/e65d9c8128a9060440045f4efb119d6c.jpg,"Up to 40% OFF (upto Rs.6,000)",,https://www.yatra.com/offer/details/axis-bank-emi-offers,Axis Bank Vistara Signature Credit Card
https://www.yatra.com/ythomepagecms/media/todayspick_hotels/2024/Oct/e65d9c8128a9060440045f4efb119d6c.jpg,"Up to 40% OFF (upto Rs.6,000)",,https://www.yatra.com/offer/details/axis-bank-emi-offers,Axis Bank Vistara Credit Card
https://www.yatra.com/ythomepagecms/media/todayspick_hotels/2024/Oct/e65d9c8128a9060440045f4efb119d6c.jpg,"Up to 40% OFF (upto Rs.6,000)",,https://www.yatra.com/offer/details/axis-bank-emi-offers,Axis Bank MY Zone Credit Card
https://www.yatra.com/ythomepagecms/media/todayspick_hotels/2024/Oct/e65d9c8128a9060440045f4efb119d6c.jpg,"Up to 40% OFF (upto Rs.6,000)",,https://www.yatra.com/offer/details/axis-bank-emi-offers,Flipkart Axis Bank Credit Card
https://www.yatra.com/ythomepagecms/media/todayspick_hotels/2024/Oct/e65d9c8128a9060440045f4efb119d6c.jpg,"Up to 40% OFF (upto Rs.6,000)",,https://www.yatra.com/offer/details/axis-bank-emi-offers,IndianOil Axis Bank Credit Card
https://www.yatra.com/ythomepagecms/media/todayspick_hotels/2024/Oct/e65d9c8128a9060440045f4efb119d6c.jpg,"Up to 40% OFF (upto Rs.6,000)",,https://www.yatra.com/offer/details/axis-bank-emi-offers,
https://www.yatra.com/ythomepagecms/media/todayspick_hotels/2024/Oct/2aeac16b59409745e8240ebd929570e2.jpg,"Up to 35% OFF (up to Rs.6,000)",,https://www.yatra.com/offer/details/rbl-card-emi-offers,IndianOil RBL Bank Credit Card
https://www.yatra.com/ythomepagecms/media/todayspick_hotels/2024/Oct/2aeac16b59409745e8240ebd929570e2.jpg,"Up to 35% OFF (up to Rs.6,000)",,https://www.yatra.com/offer/details/rbl-card-emi-offers,IndianOil RBL Bank XTRA Credit Card
https://www.yatra.com/ythomepagecms/media/todayspick_hotels/2024/Oct/2aeac16b59409745e8240ebd929570e2.jpg,"Up to 35% OFF (up to Rs.6,000)",,https://www.yatra.com/offer/details/rbl-card-emi-offers,RBL Bank iGlobe Credit Card
https://www.yatra.com/ythomepagecms/media/todayspick_hotels/2024/Oct/2aeac16b59409745e8240ebd929570e2.jpg,"Up to 35% OFF (up to Rs.6,000)",,https://www.yatra.com/offer/details/rbl-card-emi-offers,RBL Bank Movies and More Credit Card
https://www.yatra.com/ythomepagecms/media/todayspick_hotels/2024/Oct/2aeac16b59409745e8240ebd929570e2.jpg,"Up to 35% OFF (up to Rs.6,000)",,https://www.yatra.com/offer/details/rbl-card-emi-offers,RBL Bank MoneyTap Credit Card
https://www.yatra.com/ythomepagecms/media/todayspick_hotels/2024/Oct/2aeac16b59409745e8240ebd929570e2.jpg,"Up to 35% OFF (up to Rs.6,000)",,https://www.yatra.com/offer/details/rbl-card-emi-offers,Insignia Preferred Banking Card
https://www.yatra.com/ythomepagecms/media/todayspick_hotels/2024/Oct/2aeac16b59409745e8240ebd929570e2.jpg,"Up to 35% OFF (up to Rs.6,000)",,https://www.yatra.com/offer/details/rbl-card-emi-offers,BankBazaar SaveMax Credit Card
https://www.yatra.com/ythomepagecms/media/todayspick_hotels/2024/Oct/2aeac16b59409745e8240ebd929570e2.jpg,"Up to 35% OFF (up to Rs.6,000)",,https://www.yatra.com/offer/details/rbl-card-emi-offers,Bankbazaar Savemax Pro Credit Card
https://www.yatra.com/ythomepagecms/media/todayspick_hotels/2024/Oct/2aeac16b59409745e8240ebd929570e2.jpg,"Up to 35% OFF (up to Rs.6,000)",,https://www.yatra.com/offer/details/rbl-card-emi-offers,MoneyTap Black Card
https://www.yatra.com/ythomepagecms/media/todayspick_hotels/2024/Oct/2aeac16b59409745e8240ebd929570e2.jpg,"Up to 35% OFF (up to Rs.6,000)",,https://www.yatra.com/offer/details/rbl-card-emi-offers,RBL Bank Paisabazaar Duet Card
https://www.yatra.com/ythomepagecms/media/todayspick_hotels/2024/Oct/2aeac16b59409745e8240ebd929570e2.jpg,"Up to 35% OFF (up to Rs.6,000)",,https://www.yatra.com/offer/details/rbl-card-emi-offers,RBL Bank Paisabazaar Duet Card Plus
https://www.yatra.com/ythomepagecms/media/todayspick_hotels/2024/Oct/2aeac16b59409745e8240ebd929570e2.jpg,"Up to 35% OFF (up to Rs.6,000)",,https://www.yatra.com/offer/details/rbl-card-emi-offers,RBL Bank VCard
https://www.yatra.com/ythomepagecms/media/todayspick_hotels/2024/Oct/2aeac16b59409745e8240ebd929570e2.jpg,"Up to 35% OFF (up to Rs.6,000)",,https://www.yatra.com/offer/details/rbl-card-emi-offers,Mo Cash Credit Card
https://www.yatra.com/ythomepagecms/media/todayspick_hotels/2024/Oct/2aeac16b59409745e8240ebd929570e2.jpg,"Up to 35% OFF (up to Rs.6,000)",,https://www.yatra.com/offer/details/rbl-card-emi-offers,RBL Bank Play Credit Card
https://www.yatra.com/ythomepagecms/media/todayspick_hotels/2024/Oct/2aeac16b59409745e8240ebd929570e2.jpg,"Up to 35% OFF (up to Rs.6,000)",,https://www.yatra.com/offer/details/rbl-card-emi-offers,RBL Bank Cookie Credit Card
https://www.yatra.com/ythomepagecms/media/todayspick_hotels/2024/Oct/2aeac16b59409745e8240ebd929570e2.jpg,"Up to 35% OFF (up to Rs.6,000)",,https://www.yatra.com/offer/details/rbl-card-emi-offers,RBL Bank Icon Credit Card
https://www.yatra.com/ythomepagecms/media/todayspick_hotels/2024/Oct/2aeac16b59409745e8240ebd929570e2.jpg,"Up to 35% OFF (up to Rs.6,000)",,https://www.yatra.com/offer/details/rbl-card-emi-offers,RBL Bank Platinum Delight Credit Card
https://www.yatra.com/ythomepagecms/media/todayspick_hotels/2024/Oct/2aeac16b59409745e8240ebd929570e2.jpg,"Up to 35% OFF (up to Rs.6,000)",,https://www.yatra.com/offer/details/rbl-card-emi-offers,RBL Bank Platinum Maxima Credit Card
https://www.yatra.com/ythomepagecms/media/todayspick_hotels/2024/Oct/2aeac16b59409745e8240ebd929570e2.jpg,"Up to 35% OFF (up to Rs.6,000)",,https://www.yatra.com/offer/details/rbl-card-emi-offers,RBL Bank Lazy Pay Credit Card
https://www.yatra.com/ythomepagecms/media/todayspick_hotels/2024/Oct/2aeac16b59409745e8240ebd929570e2.jpg,"Up to 35% OFF (up to Rs.6,000)",,https://www.yatra.com/offer/details/rbl-card-emi-offers,RBL Bank World Safari Credit Card
https://www.yatra.com/ythomepagecms/media/todayspick_hotels/2024/Oct/2aeac16b59409745e8240ebd929570e2.jpg,"Up to 35% OFF (up to Rs.6,000)",,https://www.yatra.com/offer/details/rbl-card-emi-offers,RBL Bank Monthly Treats Credit Card
https://www.yatra.com/ythomepagecms/media/todayspick_hotels/2024/Oct/2aeac16b59409745e8240ebd929570e2.jpg,"Up to 35% OFF (up to Rs.6,000)",,https://www.yatra.com/offer/details/rbl-card-emi-offers,Platinum Maxima Plus Card
https://www.yatra.com/ythomepagecms/media/todayspick_hotels/2024/Oct/2aeac16b59409745e8240ebd929570e2.jpg,"Up to 35% OFF (up to Rs.6,000)",,https://www.yatra.com/offer/details/rbl-card-emi-offers,RBL Bank Shoprite Credit Card
https://www.yatra.com/ythomepagecms/media/todayspick_hotels/2024/Oct/2aeac16b59409745e8240ebd929570e2.jpg,"Up to 35% OFF (up to Rs.6,000)",,https://www.yatra.com/offer/details/rbl-card-emi-offers,
https://www.yatra.com/ythomepagecms/media/todayspick_hotels/2024/Oct/404d140a8b67d11d1704faf6fd55229f.jpg,"Up to 35% OFF (max. Rs.6,000)",,https://www.yatra.com/offer/details/icici-bank-emi-offers,ICICI HPCL Coral Credit Card
https://www.yatra.com/ythomepagecms/media/todayspick_hotels/2024/Oct/404d140a8b67d11d1704faf6fd55229f.jpg,"Up to 35% OFF (max. Rs.6,000)",,https://www.yatra.com/offer/details/icici-bank-emi-offers,ICICI Parakram Select Credit Card
https://www.yatra.com/ythomepagecms/media/todayspick_hotels/2024/Oct/404d140a8b67d11d1704faf6fd55229f.jpg,"Up to 35% OFF (max. Rs.6,000)",,https://www.yatra.com/offer/details/icici-bank-emi-offers,ICICI Parakram Credit Card
https://www.yatra.com/ythomepagecms/media/todayspick_hotels/2024/Oct/404d140a8b67d11d1704faf6fd55229f.jpg,"Up to 35% OFF (max. Rs.6,000)",,https://www.yatra.com/offer/details/icici-bank-emi-offers,Adani One ICICI Platinum Credit Card
https://www.yatra.com/ythomepagecms/media/todayspick_hotels/2024/Oct/404d140a8b67d11d1704faf6fd55229f.jpg,"Up to 35% OFF (max. Rs.6,000)",,https://www.yatra.com/offer/details/icici-bank-emi-offers,Adani One ICICI Signature Credit Card
https://www.yatra.com/ythomepagecms/media/todayspick_hotels/2024/Oct/404d140a8b67d11d1704faf6fd55229f.jpg,"Up to 35% OFF (max. Rs.6,000)",,https://www.yatra.com/offer/details/icici-bank-emi-offers,Skywards ICICI Bank Emerald Credit Card
https://www.yatra.com/ythomepagecms/media/todayspick_hotels/2024/Oct/404d140a8b67d11d1704faf6fd55229f.jpg,"Up to 35% OFF (max. Rs.6,000)",,https://www.yatra.com/offer/details/icici-bank-emi-offers,ICICI Bank Instant Platinum Credit Card
https://www.yatra.com/ythomepagecms/media/todayspick_hotels/2024/Oct/404d140a8b67d11d1704faf6fd55229f.jpg,"Up to 35% OFF (max. Rs.6,000)",,https://www.yatra.com/offer/details/icici-bank-emi-offers,Emirates Skywards Rubyx Credit Card
https://www.yatra.com/ythomepagecms/media/todayspick_hotels/2024/Oct/404d140a8b67d11d1704faf6fd55229f.jpg,"Up to 35% OFF (max. Rs.6,000)",,https://www.yatra.com/offer/details/icici-bank-emi-offers,Skywards ICICI Bank Sapphiro Credit Card
https://www.yatra.com/ythomepagecms/media/todayspick_hotels/2024/Oct/404d140a8b67d11d1704faf6fd55229f.jpg,"Up to 35% OFF (max. Rs.6,000)",,https://www.yatra.com/offer/details/icici-bank-emi-offers,Accelero ICICI Bank Credit Card
https://www.yatra.com/ythomepagecms/media/todayspick_hotels/2024/Oct/404d140a8b67d11d1704faf6fd55229f.jpg,"Up to 35% OFF (max. Rs.6,000)",,https://www.yatra.com/offer/details/icici-bank-emi-offers,Chennai Super Kings ICICI Bank Credit Card
https://www.yatra.com/ythomepagecms/media/todayspick_hotels/2024/Oct/404d140a8b67d11d1704faf6fd55229f.jpg,"Up to 35% OFF (max. Rs.6,000)",,https://www.yatra.com/offer/details/icici-bank-emi-offers,ICICI Manchester United Signature Credit Card
https://www.yatra.com/ythomepagecms/media/todayspick_hotels/2024/Oct/404d140a8b67d11d1704faf6fd55229f.jpg,"Up to 35% OFF (max. Rs.6,000)",,https://www.yatra.com/offer/details/icici-bank-emi-offers,ICICI Manchester United Platinum Credit Card
https://www.yatra.com/ythomepagecms/media/todayspick_hotels/2024/Oct/404d140a8b67d11d1704faf6fd55229f.jpg,"Up to 35% OFF (max. Rs.6,000)",,https://www.yatra.com/offer/details/icici-bank-emi-offers,Expressions Credit Card
https://www.yatra.com/ythomepagecms/media/todayspick_hotels/2024/Oct/404d140a8b67d11d1704faf6fd55229f.jpg,"Up to 35% OFF (max. Rs.6,000)",,https://www.yatra.com/offer/details/icici-bank-emi-offers,Platinum Chip Credit Card
https://www.yatra.com/ythomepagecms/media/todayspick_hotels/2024/Oct/404d140a8b67d11d1704faf6fd55229f.jpg,"Up to 35% OFF (max. Rs.6,000)",,https://www.yatra.com/offer/details/icici-bank-emi-offers,ICICI Bank HPCL Super Saver Credit Card
https://www.yatra.com/ythomepagecms/media/todayspick_hotels/2024/Oct/404d140a8b67d11d1704faf6fd55229f.jpg,"Up to 35% OFF (max. Rs.6,000)",,https://www.yatra.com/offer/details/icici-bank-emi-offers,ICICI Bank Emeralde Credit Card
https://www.yatra.com/ythomepagecms/media/todayspick_hotels/2024/Oct/404d140a8b67d11d1704faf6fd55229f.jpg,"Up to 35% OFF (max. Rs.6,000)",,https://www.yatra.com/offer/details/icici-bank-emi-offers,ICICI Bank Rubyx Credit Card
https://www.yatra.com/ythomepagecms/media/todayspick_hotels/2024/Oct/404d140a8b67d11d1704faf6fd55229f.jpg,"Up to 35% OFF (max. Rs.6,000)",,https://www.yatra.com/offer/details/icici-bank-emi-offers,ICICI Bank Coral Credit Card
https://www.yatra.com/ythomepagecms/media/todayspick_hotels/2024/Oct/404d140a8b67d11d1704faf6fd55229f.jpg,"Up to 35% OFF (max. Rs.6,000)",,https://www.yatra.com/offer/details/icici-bank-emi-offers,ICICI Bank Sapphiro Credit Card
https://www.yatra.com/ythomepagecms/media/todayspick_hotels/2024/Oct/404d140a8b67d11d1704faf6fd55229f.jpg,"Up to 35% OFF (max. Rs.6,000)",,https://www.yatra.com/offer/details/icici-bank-emi-offers,
,,,,
,,,,
,,,,
https://www.yatra.com/ythomepagecms/media/todayspick_hotels/2024/Sep/ad7fe541b1ef3cf5966299bc714f8c04.jpg,"Up to 50% OFF (max. discount Rs.5,000)",,https://www.yatra.com/offer/details/au-bank-EMI-offers,AU Bank InstaPay Credit Card
https://www.yatra.com/ythomepagecms/media/todayspick_hotels/2024/Sep/ad7fe541b1ef3cf5966299bc714f8c04.jpg,"Up to 50% OFF (max. discount Rs.5,000)",,https://www.yatra.com/offer/details/au-bank-EMI-offers,AU Bank Zenith+ Credit Card
https://www.yatra.com/ythomepagecms/media/todayspick_hotels/2024/Sep/ad7fe541b1ef3cf5966299bc714f8c04.jpg,"Up to 50% OFF (max. discount Rs.5,000)",,https://www.yatra.com/offer/details/au-bank-EMI-offers,AU Small Finance Bank ixigo Credit Card
https://www.yatra.com/ythomepagecms/media/todayspick_hotels/2024/Sep/ad7fe541b1ef3cf5966299bc714f8c04.jpg,"Up to 50% OFF (max. discount Rs.5,000)",,https://www.yatra.com/offer/details/au-bank-EMI-offers,AU Small Finance Bank Zenith Credit Card
https://www.yatra.com/ythomepagecms/media/todayspick_hotels/2024/Sep/ad7fe541b1ef3cf5966299bc714f8c04.jpg,"Up to 50% OFF (max. discount Rs.5,000)",,https://www.yatra.com/offer/details/au-bank-EMI-offers,AU Small Finance Bank Altura Plus Credit Card
https://www.yatra.com/ythomepagecms/media/todayspick_hotels/2024/Sep/ad7fe541b1ef3cf5966299bc714f8c04.jpg,"Up to 50% OFF (max. discount Rs.5,000)",,https://www.yatra.com/offer/details/au-bank-EMI-offers,AU Small Finance Bank Altura Credit Card
https://www.yatra.com/ythomepagecms/media/todayspick_hotels/2024/Sep/ad7fe541b1ef3cf5966299bc714f8c04.jpg,"Up to 50% OFF (max. discount Rs.5,000)",,https://www.yatra.com/offer/details/au-bank-EMI-offers,AU Small Finance Bank LIT Credit Card
https://www.yatra.com/ythomepagecms/media/todayspick_hotels/2024/Sep/ad7fe541b1ef3cf5966299bc714f8c04.jpg,"Up to 50% OFF (max. discount Rs.5,000)",,https://www.yatra.com/offer/details/au-bank-EMI-offers,Au Small Finance Bank Vetta Credit Card
https://www.yatra.com/ythomepagecms/media/todayspick_hotels/2024/Sep/ad7fe541b1ef3cf5966299bc714f8c04.jpg,"Up to 50% OFF (max. discount Rs.5,000)",,https://www.yatra.com/offer/details/au-bank-EMI-offers,
https://www.yatra.com/ythomepagecms/media/todayspick_hotels/2024/Oct/d0abb7631304e2c9bb3b1bd4bac5af84.jpg,"Up to 45% OFF (max. Rs.6,000)",,https://www.yatra.com/offer/details/hsbc-bank-emi-offer,HSBC Cashback Credit Card
https://www.yatra.com/ythomepagecms/media/todayspick_hotels/2024/Oct/d0abb7631304e2c9bb3b1bd4bac5af84.jpg,"Up to 45% OFF (max. Rs.6,000)",,https://www.yatra.com/offer/details/hsbc-bank-emi-offer,HSBC Visa Platinum Credit Card
https://www.yatra.com/ythomepagecms/media/todayspick_hotels/2024/Oct/d0abb7631304e2c9bb3b1bd4bac5af84.jpg,"Up to 45% OFF (max. Rs.6,000)",,https://www.yatra.com/offer/details/hsbc-bank-emi-offer,HSBC Smart Value Credit Card
https://www.yatra.com/ythomepagecms/media/todayspick_hotels/2024/Oct/d0abb7631304e2c9bb3b1bd4bac5af84.jpg,"Up to 45% OFF (max. Rs.6,000)",,https://www.yatra.com/offer/details/hsbc-bank-emi-offer,HSBC Premier MastercardÂ© Credit Card
https://www.yatra.com/ythomepagecms/media/todayspick_hotels/2024/Oct/d0abb7631304e2c9bb3b1bd4bac5af84.jpg,"Up to 45% OFF (max. Rs.6,000)",,https://www.yatra.com/offer/details/hsbc-bank-emi-offer,
