Offer Title,Coupon Code,Expiry Date,Offer Image,Offer Link,Credit Card
"Up to 45% OFF (up to Rs.6,000)",YRICICICC,27-Jun-25,https://www.yatra.com/ythomepagecms/media/todayspick_hotels/2025/Apr/8f73284bb9e19229dcde96b044770784.jpg,https://www.yatra.com/offer/details/icici-bank-credit-card-offers,ICICI Bank Sapphiro
"Up to 45% OFF (up to Rs.6,000)",YRICICICC,27-Jun-25,https://www.yatra.com/ythomepagecms/media/todayspick_hotels/2025/Apr/8f73284bb9e19229dcde96b044770784.jpg,https://www.yatra.com/offer/details/icici-bank-credit-card-offers,ICICI Bank Emeralde
"Up to 45% OFF (up to Rs.6,000)",YRICICICC,27-Jun-25,https://www.yatra.com/ythomepagecms/media/todayspick_hotels/2025/Apr/8f73284bb9e19229dcde96b044770784.jpg,https://www.yatra.com/offer/details/icici-bank-credit-card-offers,ICICI Bank Times Black
"Up to 45% OFF (up to Rs.6,000)",YRICICICC,27-Jun-25,https://www.yatra.com/ythomepagecms/media/todayspick_hotels/2025/Apr/8f73284bb9e19229dcde96b044770784.jpg,https://www.yatra.com/offer/details/icici-bank-credit-card-offers,ICICI Bank Coral Visa
"Up to 45% OFF (up to Rs.6,000)",YRICICICC,27-Jun-25,https://www.yatra.com/ythomepagecms/media/todayspick_hotels/2025/Apr/8f73284bb9e19229dcde96b044770784.jpg,https://www.yatra.com/offer/details/icici-bank-credit-card-offers,ICICI Parakram Select
"Up to 45% OFF (up to Rs.6,000)",YRICICICC,27-Jun-25,https://www.yatra.com/ythomepagecms/media/todayspick_hotels/2025/Apr/8f73284bb9e19229dcde96b044770784.jpg,https://www.yatra.com/offer/details/icici-bank-credit-card-offers,ICICI Manchester United Signature
"Up to 45% OFF (up to Rs.6,000)",YRICICICC,27-Jun-25,https://www.yatra.com/ythomepagecms/media/todayspick_hotels/2025/Apr/8f73284bb9e19229dcde96b044770784.jpg,https://www.yatra.com/offer/details/icici-bank-credit-card-offers,ICICI Parakram
"Up to 45% OFF (up to Rs.6,000)",YRICICICC,27-Jun-25,https://www.yatra.com/ythomepagecms/media/todayspick_hotels/2025/Apr/8f73284bb9e19229dcde96b044770784.jpg,https://www.yatra.com/offer/details/icici-bank-credit-card-offers,Chennai Super Kings ICICI Bank
"Up to 45% OFF (up to Rs.6,000)",YRICICICC,27-Jun-25,https://www.yatra.com/ythomepagecms/media/todayspick_hotels/2025/Apr/8f73284bb9e19229dcde96b044770784.jpg,https://www.yatra.com/offer/details/icici-bank-credit-card-offers,ICICI Bank Coral RuPay
"Up to 45% OFF (up to Rs.6,000)",YRICICICC,27-Jun-25,https://www.yatra.com/ythomepagecms/media/todayspick_hotels/2025/Apr/8f73284bb9e19229dcde96b044770784.jpg,https://www.yatra.com/offer/details/icici-bank-credit-card-offers,ICICI Manchester United Platinum
"Up to 45% OFF (up to Rs.6,000)",YRICICICC,27-Jun-25,https://www.yatra.com/ythomepagecms/media/todayspick_hotels/2025/Apr/8f73284bb9e19229dcde96b044770784.jpg,https://www.yatra.com/offer/details/icici-bank-credit-card-offers,ICICI Platinum Chip
"Up to 45% OFF (up to Rs.6,000)",YRICICICC,27-Jun-25,https://www.yatra.com/ythomepagecms/media/todayspick_hotels/2025/Apr/8f73284bb9e19229dcde96b044770784.jpg,https://www.yatra.com/offer/details/icici-bank-credit-card-offers,ICICI Expressions
"Up to 45% OFF (up to Rs.6,000)",YRICICICC,27-Jun-25,https://www.yatra.com/ythomepagecms/media/todayspick_hotels/2025/Apr/8f73284bb9e19229dcde96b044770784.jpg,https://www.yatra.com/offer/details/icici-bank-credit-card-offers,Adani One ICICI Signature
"Up to 45% OFF (up to Rs.6,000)",YRICICICC,27-Jun-25,https://www.yatra.com/ythomepagecms/media/todayspick_hotels/2025/Apr/8f73284bb9e19229dcde96b044770784.jpg,https://www.yatra.com/offer/details/icici-bank-credit-card-offers,ICICI Bank Rubyx Visa
"Up to 45% OFF (up to Rs.6,000)",YRICICICC,27-Jun-25,https://www.yatra.com/ythomepagecms/media/todayspick_hotels/2025/Apr/8f73284bb9e19229dcde96b044770784.jpg,https://www.yatra.com/offer/details/icici-bank-credit-card-offers,Adani One ICICI Platinum
"Up to 45% OFF (up to Rs.6,000)",YRICICICC,27-Jun-25,https://www.yatra.com/ythomepagecms/media/todayspick_hotels/2025/Apr/8f73284bb9e19229dcde96b044770784.jpg,https://www.yatra.com/offer/details/icici-bank-credit-card-offers,ICICI Bank Rubyx RuPay
"Up to 45% OFF (up to Rs.6,000)",YRICICICC,27-Jun-25,https://www.yatra.com/ythomepagecms/media/todayspick_hotels/2025/Apr/8f73284bb9e19229dcde96b044770784.jpg,https://www.yatra.com/offer/details/icici-bank-credit-card-offers,MakeMyTrip ICICI Bank Signature
"Up to 45% OFF (up to Rs.6,000)",YRICICICC,27-Jun-25,https://www.yatra.com/ythomepagecms/media/todayspick_hotels/2025/Apr/8f73284bb9e19229dcde96b044770784.jpg,https://www.yatra.com/offer/details/icici-bank-credit-card-offers,Skywards ICICI Bank Emerald
"Up to 45% OFF (up to Rs.6,000)",YRICICICC,27-Jun-25,https://www.yatra.com/ythomepagecms/media/todayspick_hotels/2025/Apr/8f73284bb9e19229dcde96b044770784.jpg,https://www.yatra.com/offer/details/icici-bank-credit-card-offers,MakeMyTrip ICICI Bank Platinum
"Up to 45% OFF (up to Rs.6,000)",YRICICICC,27-Jun-25,https://www.yatra.com/ythomepagecms/media/todayspick_hotels/2025/Apr/8f73284bb9e19229dcde96b044770784.jpg,https://www.yatra.com/offer/details/icici-bank-credit-card-offers,MakeMyTrip ICICI Bank
"Up to 45% OFF (up to Rs.6,000)",YRICICICC,27-Jun-25,https://www.yatra.com/ythomepagecms/media/todayspick_hotels/2025/Apr/8f73284bb9e19229dcde96b044770784.jpg,https://www.yatra.com/offer/details/icici-bank-credit-card-offers,Emirates Skywards Rubyx
"Up to 45% OFF (up to Rs.6,000)",YRICICICC,27-Jun-25,https://www.yatra.com/ythomepagecms/media/todayspick_hotels/2025/Apr/8f73284bb9e19229dcde96b044770784.jpg,https://www.yatra.com/offer/details/icici-bank-credit-card-offers,Skywards ICICI Bank Sapphiro
"Up to 45% OFF (up to Rs.6,000)",YRICICICC,27-Jun-25,https://www.yatra.com/ythomepagecms/media/todayspick_hotels/2025/Apr/8f73284bb9e19229dcde96b044770784.jpg,https://www.yatra.com/offer/details/icici-bank-credit-card-offers,Accelero ICICI Bank
"Up to 45% OFF (up to Rs.6,000)",YRICICICC,27-Jun-25,https://www.yatra.com/ythomepagecms/media/todayspick_hotels/2025/Apr/8f73284bb9e19229dcde96b044770784.jpg,https://www.yatra.com/offer/details/icici-bank-credit-card-offers,ICICI Bank Instant Platinum
"Up to 45% OFF (up to Rs.6,000)",YRICICICC,27-Jun-25,https://www.yatra.com/ythomepagecms/media/todayspick_hotels/2025/Apr/8f73284bb9e19229dcde96b044770784.jpg,https://www.yatra.com/offer/details/icici-bank-credit-card-offers,ICICI Bank HPCL Super Saver Visa
"Up to 45% OFF (up to Rs.6,000)",YRICICICC,27-Jun-25,https://www.yatra.com/ythomepagecms/media/todayspick_hotels/2025/Apr/8f73284bb9e19229dcde96b044770784.jpg,https://www.yatra.com/offer/details/icici-bank-credit-card-offers,ICICI Bank HPCL Super Saver RuPay
"Up to 45% OFF (up to Rs.6,000)",YRICICICC,27-Jun-25,https://www.yatra.com/ythomepagecms/media/todayspick_hotels/2025/Apr/8f73284bb9e19229dcde96b044770784.jpg,https://www.yatra.com/offer/details/icici-bank-credit-card-offers,ICICI HPCL Coral
"Up to 35% OFF (Up to Rs.5,000)",YRSBICEMI,30-Jun-25,https://www.yatra.com/ythomepagecms/media/todayspick_hotels/2025/Jan/ae53b23ad5abc9591cb1dceefe534559.jpg,https://www.yatra.com/offer/details/sbi-credit-card-emi-offers,Tata Neu Plus Visa SBI Card
"Up to 35% OFF (Up to Rs.5,000)",YRSBICEMI,30-Jun-25,https://www.yatra.com/ythomepagecms/media/todayspick_hotels/2025/Jan/ae53b23ad5abc9591cb1dceefe534559.jpg,https://www.yatra.com/offer/details/sbi-credit-card-emi-offers,Tata Neu Plus RuPay SBI Card
,,,,,
"Up to 35% OFF (Up to Rs.5,000)",YRSBICEMI,30-Jun-25,https://www.yatra.com/ythomepagecms/media/todayspick_hotels/2025/Jan/ae53b23ad5abc9591cb1dceefe534559.jpg,https://www.yatra.com/offer/details/sbi-credit-card-emi-offers,Tata Neu Infinity Visa SBI Card Copy
"Up to 35% OFF (Up to Rs.5,000)",YRSBICEMI,30-Jun-25,https://www.yatra.com/ythomepagecms/media/todayspick_hotels/2025/Jan/ae53b23ad5abc9591cb1dceefe534559.jpg,https://www.yatra.com/offer/details/sbi-credit-card-emi-offers,Tata Neu Infinity RuPay SBI Card
"Up to 35% OFF (Up to Rs.5,000)",YRSBICEMI,30-Jun-25,https://www.yatra.com/ythomepagecms/media/todayspick_hotels/2025/Jan/ae53b23ad5abc9591cb1dceefe534559.jpg,https://www.yatra.com/offer/details/sbi-credit-card-emi-offers,KrisFlyer SBI Card
"Up to 35% OFF (Up to Rs.5,000)",YRSBICEMI,30-Jun-25,https://www.yatra.com/ythomepagecms/media/todayspick_hotels/2025/Jan/ae53b23ad5abc9591cb1dceefe534559.jpg,https://www.yatra.com/offer/details/sbi-credit-card-emi-offers,Etihad Guest SBI Card
"Up to 35% OFF (Up to Rs.5,000)",YRSBICEMI,30-Jun-25,https://www.yatra.com/ythomepagecms/media/todayspick_hotels/2025/Jan/ae53b23ad5abc9591cb1dceefe534559.jpg,https://www.yatra.com/offer/details/sbi-credit-card-emi-offers,SBI Card Prime
"Up to 35% OFF (Up to Rs.5,000)",YRSBICEMI,30-Jun-25,https://www.yatra.com/ythomepagecms/media/todayspick_hotels/2025/Jan/ae53b23ad5abc9591cb1dceefe534559.jpg,https://www.yatra.com/offer/details/sbi-credit-card-emi-offers,PSB SBI Card Prime
"Up to 35% OFF (Up to Rs.5,000)",YRSBICEMI,30-Jun-25,https://www.yatra.com/ythomepagecms/media/todayspick_hotels/2025/Jan/ae53b23ad5abc9591cb1dceefe534559.jpg,https://www.yatra.com/offer/details/sbi-credit-card-emi-offers,IRCTC SBI Card (on RuPay platform)
"Up to 35% OFF (Up to Rs.5,000)",YRSBICEMI,30-Jun-25,https://www.yatra.com/ythomepagecms/media/todayspick_hotels/2025/Jan/ae53b23ad5abc9591cb1dceefe534559.jpg,https://www.yatra.com/offer/details/sbi-credit-card-emi-offers,Etihad Guest SBI Premier Card
"Up to 35% OFF (Up to Rs.5,000)",YRSBICEMI,30-Jun-25,https://www.yatra.com/ythomepagecms/media/todayspick_hotels/2025/Jan/ae53b23ad5abc9591cb1dceefe534559.jpg,https://www.yatra.com/offer/details/sbi-credit-card-emi-offers,Air India SBI Signature Card
"Up to 35% OFF (Up to Rs.5,000)",YRSBICEMI,30-Jun-25,https://www.yatra.com/ythomepagecms/media/todayspick_hotels/2025/Jan/ae53b23ad5abc9591cb1dceefe534559.jpg,https://www.yatra.com/offer/details/sbi-credit-card-emi-offers,Spar SBI Card Prime
"Up to 35% OFF (Up to Rs.5,000)",YRSBICEMI,30-Jun-25,https://www.yatra.com/ythomepagecms/media/todayspick_hotels/2025/Jan/ae53b23ad5abc9591cb1dceefe534559.jpg,https://www.yatra.com/offer/details/sbi-credit-card-emi-offers,UCO Bank SBI Card Elite
"Up to 35% OFF (Up to Rs.5,000)",YRSBICEMI,30-Jun-25,https://www.yatra.com/ythomepagecms/media/todayspick_hotels/2025/Jan/ae53b23ad5abc9591cb1dceefe534559.jpg,https://www.yatra.com/offer/details/sbi-credit-card-emi-offers,Shaurya SBI Card
"Up to 35% OFF (Up to Rs.5,000)",YRSBICEMI,30-Jun-25,https://www.yatra.com/ythomepagecms/media/todayspick_hotels/2025/Jan/ae53b23ad5abc9591cb1dceefe534559.jpg,https://www.yatra.com/offer/details/sbi-credit-card-emi-offers,SBI Card MILES
"Up to 35% OFF (Up to Rs.5,000)",YRSBICEMI,30-Jun-25,https://www.yatra.com/ythomepagecms/media/todayspick_hotels/2025/Jan/ae53b23ad5abc9591cb1dceefe534559.jpg,https://www.yatra.com/offer/details/sbi-credit-card-emi-offers,Ola Money SBI Card
"Up to 35% OFF (Up to Rs.5,000)",YRSBICEMI,30-Jun-25,https://www.yatra.com/ythomepagecms/media/todayspick_hotels/2025/Jan/ae53b23ad5abc9591cb1dceefe534559.jpg,https://www.yatra.com/offer/details/sbi-credit-card-emi-offers,Club Vistara SBI Card
"Up to 35% OFF (Up to Rs.5,000)",YRSBICEMI,30-Jun-25,https://www.yatra.com/ythomepagecms/media/todayspick_hotels/2025/Jan/ae53b23ad5abc9591cb1dceefe534559.jpg,https://www.yatra.com/offer/details/sbi-credit-card-emi-offers,Central Bank of India SBI Card Elite
"Up to 35% OFF (Up to Rs.5,000)",YRSBICEMI,30-Jun-25,https://www.yatra.com/ythomepagecms/media/todayspick_hotels/2025/Jan/ae53b23ad5abc9591cb1dceefe534559.jpg,https://www.yatra.com/offer/details/sbi-credit-card-emi-offers,Paytm SBI Card
"Up to 35% OFF (Up to Rs.5,000)",YRSBICEMI,30-Jun-25,https://www.yatra.com/ythomepagecms/media/todayspick_hotels/2025/Jan/ae53b23ad5abc9591cb1dceefe534559.jpg,https://www.yatra.com/offer/details/sbi-credit-card-emi-offers,BPCL SBI Card
"Up to 35% OFF (Up to Rs.5,000)",YRSBICEMI,30-Jun-25,https://www.yatra.com/ythomepagecms/media/todayspick_hotels/2025/Jan/ae53b23ad5abc9591cb1dceefe534559.jpg,https://www.yatra.com/offer/details/sbi-credit-card-emi-offers,Lifestyle Home Centre SBI Card Select
"Up to 35% OFF (Up to Rs.5,000)",YRSBICEMI,30-Jun-25,https://www.yatra.com/ythomepagecms/media/todayspick_hotels/2025/Jan/ae53b23ad5abc9591cb1dceefe534559.jpg,https://www.yatra.com/offer/details/sbi-credit-card-emi-offers,Yatra SBI Card
"Up to 35% OFF (Up to Rs.5,000)",YRSBICEMI,30-Jun-25,https://www.yatra.com/ythomepagecms/media/todayspick_hotels/2025/Jan/ae53b23ad5abc9591cb1dceefe534559.jpg,https://www.yatra.com/offer/details/sbi-credit-card-emi-offers,BPCL SBI Card Octane
"Up to 35% OFF (Up to Rs.5,000)",YRSBICEMI,30-Jun-25,https://www.yatra.com/ythomepagecms/media/todayspick_hotels/2025/Jan/ae53b23ad5abc9591cb1dceefe534559.jpg,https://www.yatra.com/offer/details/sbi-credit-card-emi-offers,Reliance SBI Card
"Up to 35% OFF (Up to Rs.5,000)",YRSBICEMI,30-Jun-25,https://www.yatra.com/ythomepagecms/media/todayspick_hotels/2025/Jan/ae53b23ad5abc9591cb1dceefe534559.jpg,https://www.yatra.com/offer/details/sbi-credit-card-emi-offers,Spar SBI Card
"Up to 35% OFF (Up to Rs.5,000)",YRSBICEMI,30-Jun-25,https://www.yatra.com/ythomepagecms/media/todayspick_hotels/2025/Jan/ae53b23ad5abc9591cb1dceefe534559.jpg,https://www.yatra.com/offer/details/sbi-credit-card-emi-offers,Max SBI Card Select
"Up to 35% OFF (Up to Rs.5,000)",YRSBICEMI,30-Jun-25,https://www.yatra.com/ythomepagecms/media/todayspick_hotels/2025/Jan/ae53b23ad5abc9591cb1dceefe534559.jpg,https://www.yatra.com/offer/details/sbi-credit-card-emi-offers,SimplySave SBI Card
"Up to 35% OFF (Up to Rs.5,000)",YRSBICEMI,30-Jun-25,https://www.yatra.com/ythomepagecms/media/todayspick_hotels/2025/Jan/ae53b23ad5abc9591cb1dceefe534559.jpg,https://www.yatra.com/offer/details/sbi-credit-card-emi-offers,Central Bank of India SBI Card Prime
"Up to 35% OFF (Up to Rs.5,000)",YRSBICEMI,30-Jun-25,https://www.yatra.com/ythomepagecms/media/todayspick_hotels/2025/Jan/ae53b23ad5abc9591cb1dceefe534559.jpg,https://www.yatra.com/offer/details/sbi-credit-card-emi-offers,IRCTC SBI Platinum Card
"Up to 35% OFF (Up to Rs.5,000)",YRSBICEMI,30-Jun-25,https://www.yatra.com/ythomepagecms/media/todayspick_hotels/2025/Jan/ae53b23ad5abc9591cb1dceefe534559.jpg,https://www.yatra.com/offer/details/sbi-credit-card-emi-offers,Apollo SBI Card
"Up to 35% OFF (Up to Rs.5,000)",YRSBICEMI,30-Jun-25,https://www.yatra.com/ythomepagecms/media/todayspick_hotels/2025/Jan/ae53b23ad5abc9591cb1dceefe534559.jpg,https://www.yatra.com/offer/details/sbi-credit-card-emi-offers,SimplyClick SBI Card
"Up to 35% OFF (Up to Rs.5,000)",YRSBICEMI,30-Jun-25,https://www.yatra.com/ythomepagecms/media/todayspick_hotels/2025/Jan/ae53b23ad5abc9591cb1dceefe534559.jpg,https://www.yatra.com/offer/details/sbi-credit-card-emi-offers,Lifestyle Home Centre SBI Card PRIME
"Up to 35% OFF (Up to Rs.5,000)",YRSBICEMI,30-Jun-25,https://www.yatra.com/ythomepagecms/media/todayspick_hotels/2025/Jan/ae53b23ad5abc9591cb1dceefe534559.jpg,https://www.yatra.com/offer/details/sbi-credit-card-emi-offers,City Union Bank SBI Card Prime
"Up to 35% OFF (Up to Rs.5,000)",YRSBICEMI,30-Jun-25,https://www.yatra.com/ythomepagecms/media/todayspick_hotels/2025/Jan/ae53b23ad5abc9591cb1dceefe534559.jpg,https://www.yatra.com/offer/details/sbi-credit-card-emi-offers,SBI Card Elite
"Up to 35% OFF (Up to Rs.5,000)",YRSBICEMI,30-Jun-25,https://www.yatra.com/ythomepagecms/media/todayspick_hotels/2025/Jan/ae53b23ad5abc9591cb1dceefe534559.jpg,https://www.yatra.com/offer/details/sbi-credit-card-emi-offers,PSB SBI Card Elite
"Up to 35% OFF (Up to Rs.5,000)",YRSBICEMI,30-Jun-25,https://www.yatra.com/ythomepagecms/media/todayspick_hotels/2025/Jan/ae53b23ad5abc9591cb1dceefe534559.jpg,https://www.yatra.com/offer/details/sbi-credit-card-emi-offers,FabIndia SBI Card Select
"Up to 35% OFF (Up to Rs.5,000)",YRSBICEMI,30-Jun-25,https://www.yatra.com/ythomepagecms/media/todayspick_hotels/2025/Jan/ae53b23ad5abc9591cb1dceefe534559.jpg,https://www.yatra.com/offer/details/sbi-credit-card-emi-offers,SBI Cashback Card
"Up to 35% OFF (Up to Rs.5,000)",YRSBICEMI,30-Jun-25,https://www.yatra.com/ythomepagecms/media/todayspick_hotels/2025/Jan/ae53b23ad5abc9591cb1dceefe534559.jpg,https://www.yatra.com/offer/details/sbi-credit-card-emi-offers,Max SBI Card Prime
"Up to 35% OFF (Up to Rs.5,000)",YRSBICEMI,30-Jun-25,https://www.yatra.com/ythomepagecms/media/todayspick_hotels/2025/Jan/ae53b23ad5abc9591cb1dceefe534559.jpg,https://www.yatra.com/offer/details/sbi-credit-card-emi-offers,Doctor's SBI Card (In Association With IMA)
"Up to 35% OFF (Up to Rs.5,000)",YRSBICEMI,30-Jun-25,https://www.yatra.com/ythomepagecms/media/todayspick_hotels/2025/Jan/ae53b23ad5abc9591cb1dceefe534559.jpg,https://www.yatra.com/offer/details/sbi-credit-card-emi-offers,Paytm SBI Card SELECT
"Up to 35% OFF (Up to Rs.5,000)",YRSBICEMI,30-Jun-25,https://www.yatra.com/ythomepagecms/media/todayspick_hotels/2025/Jan/ae53b23ad5abc9591cb1dceefe534559.jpg,https://www.yatra.com/offer/details/sbi-credit-card-emi-offers,SBI PULSE
"Up to 35% OFF (Up to Rs.5,000)",YRSBICEMI,30-Jun-25,https://www.yatra.com/ythomepagecms/media/todayspick_hotels/2025/Jan/ae53b23ad5abc9591cb1dceefe534559.jpg,https://www.yatra.com/offer/details/sbi-credit-card-emi-offers,SimplyClick Advantage SBI Card
"Up to 35% OFF (Up to Rs.5,000)",YRSBICEMI,30-Jun-25,https://www.yatra.com/ythomepagecms/media/todayspick_hotels/2025/Jan/ae53b23ad5abc9591cb1dceefe534559.jpg,https://www.yatra.com/offer/details/sbi-credit-card-emi-offers,Aditya Birla SBI Card
"Up to 35% OFF (Up to Rs.5,000)",YRSBICEMI,30-Jun-25,https://www.yatra.com/ythomepagecms/media/todayspick_hotels/2025/Jan/ae53b23ad5abc9591cb1dceefe534559.jpg,https://www.yatra.com/offer/details/sbi-credit-card-emi-offers,Reliance SBI Card Prime
"Up to 35% OFF (Up to Rs.5,000)",YRSBICEMI,30-Jun-25,https://www.yatra.com/ythomepagecms/media/todayspick_hotels/2025/Jan/ae53b23ad5abc9591cb1dceefe534559.jpg,https://www.yatra.com/offer/details/sbi-credit-card-emi-offers,SimplySave Advantage SBI Card
"Up to 35% OFF (Up to Rs.5,000)",YRSBICEMI,30-Jun-25,https://www.yatra.com/ythomepagecms/media/todayspick_hotels/2025/Jan/ae53b23ad5abc9591cb1dceefe534559.jpg,https://www.yatra.com/offer/details/sbi-credit-card-emi-offers,Air India SBI Platinum Card
"Up to 35% OFF (Up to Rs.5,000)",YRSBICEMI,30-Jun-25,https://www.yatra.com/ythomepagecms/media/todayspick_hotels/2025/Jan/ae53b23ad5abc9591cb1dceefe534559.jpg,https://www.yatra.com/offer/details/sbi-credit-card-emi-offers,UCO Bank SBI Card Prime
"Up to 35% OFF (Up to Rs.5,000)",YRSBICEMI,30-Jun-25,https://www.yatra.com/ythomepagecms/media/todayspick_hotels/2025/Jan/ae53b23ad5abc9591cb1dceefe534559.jpg,https://www.yatra.com/offer/details/sbi-credit-card-emi-offers,Spar SBI Card Select
"Up to 35% OFF (Up to Rs.5,000)",YRSBICEMI,30-Jun-25,https://www.yatra.com/ythomepagecms/media/todayspick_hotels/2025/Jan/ae53b23ad5abc9591cb1dceefe534559.jpg,https://www.yatra.com/offer/details/sbi-credit-card-emi-offers,Club Vistara SBI Card Prime
"Up to 35% OFF (Up to Rs.5,000)",YRSBICEMI,30-Jun-25,https://www.yatra.com/ythomepagecms/media/todayspick_hotels/2025/Jan/ae53b23ad5abc9591cb1dceefe534559.jpg,https://www.yatra.com/offer/details/sbi-credit-card-emi-offers,Shaurya Select SBI Card
"Up to 35% OFF (Up to Rs.5,000)",YRSBICEMI,30-Jun-25,https://www.yatra.com/ythomepagecms/media/todayspick_hotels/2025/Jan/ae53b23ad5abc9591cb1dceefe534559.jpg,https://www.yatra.com/offer/details/sbi-credit-card-emi-offers,IRCTC SBI Card Premier
"Up to 35% OFF (Up to Rs.5,000)",YRSBICEMI,30-Jun-25,https://www.yatra.com/ythomepagecms/media/todayspick_hotels/2025/Jan/ae53b23ad5abc9591cb1dceefe534559.jpg,https://www.yatra.com/offer/details/sbi-credit-card-emi-offers,Doctor's SBI Card
"Up to 35% OFF (Up to Rs.5,000)",YRSBICEMI,30-Jun-25,https://www.yatra.com/ythomepagecms/media/todayspick_hotels/2025/Jan/ae53b23ad5abc9591cb1dceefe534559.jpg,https://www.yatra.com/offer/details/sbi-credit-card-emi-offers,Lifestyle Home Centre SBI Card
"Up to 35% OFF (Up to Rs.5,000)",YRSBICEMI,30-Jun-25,https://www.yatra.com/ythomepagecms/media/todayspick_hotels/2025/Jan/ae53b23ad5abc9591cb1dceefe534559.jpg,https://www.yatra.com/offer/details/sbi-credit-card-emi-offers,SBI Titan
"Up to 35% OFF (Up to Rs.5,000)",YRSBICEMI,30-Jun-25,https://www.yatra.com/ythomepagecms/media/todayspick_hotels/2025/Jan/ae53b23ad5abc9591cb1dceefe534559.jpg,https://www.yatra.com/offer/details/sbi-credit-card-emi-offers,Max SBI Card
"Up to 35% OFF (Up to Rs.5,000)",YRSBICEMI,30-Jun-25,https://www.yatra.com/ythomepagecms/media/todayspick_hotels/2025/Jan/ae53b23ad5abc9591cb1dceefe534559.jpg,https://www.yatra.com/offer/details/sbi-credit-card-emi-offers,SBI Card Miles Elite
"Up to 35% OFF (Up to Rs.5,000)",YRSBICEMI,30-Jun-25,https://www.yatra.com/ythomepagecms/media/todayspick_hotels/2025/Jan/ae53b23ad5abc9591cb1dceefe534559.jpg,https://www.yatra.com/offer/details/sbi-credit-card-emi-offers,FabIndia SBI Card
"Up to 35% OFF (Up to Rs.5,000)",YRSBICEMI,30-Jun-25,https://www.yatra.com/ythomepagecms/media/todayspick_hotels/2025/Jan/ae53b23ad5abc9591cb1dceefe534559.jpg,https://www.yatra.com/offer/details/sbi-credit-card-emi-offers,Aditya Birla SBI Card Select
"Up to 35% OFF (Up to Rs.5,000)",YRSBICEMI,30-Jun-25,https://www.yatra.com/ythomepagecms/media/todayspick_hotels/2025/Jan/ae53b23ad5abc9591cb1dceefe534559.jpg,https://www.yatra.com/offer/details/sbi-credit-card-emi-offers,SBI Card Unnati
"Up to 35% OFF (max. Rs.5,000)",FEDEMI,30-Jun-25,https://www.yatra.com/ythomepagecms/media/todayspick_hotels/2025/Apr/48636922fdaedbc7d56085c031075e6d.jpg,https://www.yatra.com/offer/details/federal-bank-emi-offer,Fed StarBiz RuPay
"Up to 35% OFF (max. Rs.5,000)",FEDEMI,30-Jun-25,https://www.yatra.com/ythomepagecms/media/todayspick_hotels/2025/Apr/48636922fdaedbc7d56085c031075e6d.jpg,https://www.yatra.com/offer/details/federal-bank-emi-offer,Federal Bank Mastercard Signet
"Up to 35% OFF (max. Rs.5,000)",FEDEMI,30-Jun-25,https://www.yatra.com/ythomepagecms/media/todayspick_hotels/2025/Apr/48636922fdaedbc7d56085c031075e6d.jpg,https://www.yatra.com/offer/details/federal-bank-emi-offer,Federal Bank MagniFi
"Up to 35% OFF (max. Rs.5,000)",FEDEMI,30-Jun-25,https://www.yatra.com/ythomepagecms/media/todayspick_hotels/2025/Apr/48636922fdaedbc7d56085c031075e6d.jpg,https://www.yatra.com/offer/details/federal-bank-emi-offer,Federal Bank AmpliFi
"Up to 35% OFF (max. Rs.5,000)",FEDEMI,30-Jun-25,https://www.yatra.com/ythomepagecms/media/todayspick_hotels/2025/Apr/48636922fdaedbc7d56085c031075e6d.jpg,https://www.yatra.com/offer/details/federal-bank-emi-offer,Federal Bank Wave
"Up to 35% OFF (max. Rs.5,000)",FEDEMI,30-Jun-25,https://www.yatra.com/ythomepagecms/media/todayspick_hotels/2025/Apr/48636922fdaedbc7d56085c031075e6d.jpg,https://www.yatra.com/offer/details/federal-bank-emi-offer,Federal Bank Rupay Signet
"Up to 35% OFF (max. Rs.5,000)",FEDEMI,30-Jun-25,https://www.yatra.com/ythomepagecms/media/todayspick_hotels/2025/Apr/48636922fdaedbc7d56085c031075e6d.jpg,https://www.yatra.com/offer/details/federal-bank-emi-offer,Federal Bank Scapia
"Up to 35% OFF (max. Rs.5,000)",FEDEMI,30-Jun-25,https://www.yatra.com/ythomepagecms/media/todayspick_hotels/2025/Apr/48636922fdaedbc7d56085c031075e6d.jpg,https://www.yatra.com/offer/details/federal-bank-emi-offer,Federal Bank Visa Celesta
"Up to 35% OFF (max. Rs.5,000)",FEDEMI,30-Jun-25,https://www.yatra.com/ythomepagecms/media/todayspick_hotels/2025/Apr/48636922fdaedbc7d56085c031075e6d.jpg,https://www.yatra.com/offer/details/federal-bank-emi-offer,Federal Bank Visa Imperio
"Up to 35% OFF (max. Rs.6,000)",YTICICIEMI,30-Jun-25,https://www.yatra.com/ythomepagecms/media/todayspick_hotels/2025/Apr/17c85727796b6e526edb3a07f8874ebb.jpg,https://www.yatra.com/offer/details/icici-bank-emi-offers,ICICI Bank Rubyx RuPay
"Up to 35% OFF (max. Rs.6,000)",YTICICIEMI,30-Jun-25,https://www.yatra.com/ythomepagecms/media/todayspick_hotels/2025/Apr/17c85727796b6e526edb3a07f8874ebb.jpg,https://www.yatra.com/offer/details/icici-bank-emi-offers,ICICI Bank Coral RuPay
"Up to 35% OFF (max. Rs.6,000)",YTICICIEMI,30-Jun-25,https://www.yatra.com/ythomepagecms/media/todayspick_hotels/2025/Apr/17c85727796b6e526edb3a07f8874ebb.jpg,https://www.yatra.com/offer/details/icici-bank-emi-offers,ICICI Bank HPCL Super Saver RuPay
"Up to 35% OFF (max. Rs.6,000)",YTICICIEMI,30-Jun-25,https://www.yatra.com/ythomepagecms/media/todayspick_hotels/2025/Apr/17c85727796b6e526edb3a07f8874ebb.jpg,https://www.yatra.com/offer/details/icici-bank-emi-offers,ICICI Bank Instant Platinum
"Up to 35% OFF (max. Rs.6,000)",YTICICIEMI,30-Jun-25,https://www.yatra.com/ythomepagecms/media/todayspick_hotels/2025/Apr/17c85727796b6e526edb3a07f8874ebb.jpg,https://www.yatra.com/offer/details/icici-bank-emi-offers,Skywards ICICI Bank Sapphiro
"Up to 35% OFF (max. Rs.6,000)",YTICICIEMI,30-Jun-25,https://www.yatra.com/ythomepagecms/media/todayspick_hotels/2025/Apr/17c85727796b6e526edb3a07f8874ebb.jpg,https://www.yatra.com/offer/details/icici-bank-emi-offers,ICICI Bank HPCL Super Saver Visa
"Up to 35% OFF (max. Rs.6,000)",YTICICIEMI,30-Jun-25,https://www.yatra.com/ythomepagecms/media/todayspick_hotels/2025/Apr/17c85727796b6e526edb3a07f8874ebb.jpg,https://www.yatra.com/offer/details/icici-bank-emi-offers,Accelero ICICI Bank
"Up to 35% OFF (max. Rs.6,000)",YTICICIEMI,30-Jun-25,https://www.yatra.com/ythomepagecms/media/todayspick_hotels/2025/Apr/17c85727796b6e526edb3a07f8874ebb.jpg,https://www.yatra.com/offer/details/icici-bank-emi-offers,ICICI Manchester United Platinum
"Up to 35% OFF (max. Rs.6,000)",YTICICIEMI,30-Jun-25,https://www.yatra.com/ythomepagecms/media/todayspick_hotels/2025/Apr/17c85727796b6e526edb3a07f8874ebb.jpg,https://www.yatra.com/offer/details/icici-bank-emi-offers,ICICI Bank Rubyx Visa
"Up to 35% OFF (max. Rs.6,000)",YTICICIEMI,30-Jun-25,https://www.yatra.com/ythomepagecms/media/todayspick_hotels/2025/Apr/17c85727796b6e526edb3a07f8874ebb.jpg,https://www.yatra.com/offer/details/icici-bank-emi-offers,Adani One ICICI Platinum
"Up to 35% OFF (max. Rs.6,000)",YTICICIEMI,30-Jun-25,https://www.yatra.com/ythomepagecms/media/todayspick_hotels/2025/Apr/17c85727796b6e526edb3a07f8874ebb.jpg,https://www.yatra.com/offer/details/icici-bank-emi-offers,ICICI Manchester United Signature
"Up to 35% OFF (max. Rs.6,000)",YTICICIEMI,30-Jun-25,https://www.yatra.com/ythomepagecms/media/todayspick_hotels/2025/Apr/17c85727796b6e526edb3a07f8874ebb.jpg,https://www.yatra.com/offer/details/icici-bank-emi-offers,Expressions
"Up to 35% OFF (max. Rs.6,000)",YTICICIEMI,30-Jun-25,https://www.yatra.com/ythomepagecms/media/todayspick_hotels/2025/Apr/17c85727796b6e526edb3a07f8874ebb.jpg,https://www.yatra.com/offer/details/icici-bank-emi-offers,ICICI Parakram
"Up to 35% OFF (max. Rs.6,000)",YTICICIEMI,30-Jun-25,https://www.yatra.com/ythomepagecms/media/todayspick_hotels/2025/Apr/17c85727796b6e526edb3a07f8874ebb.jpg,https://www.yatra.com/offer/details/icici-bank-emi-offers,ICICI Bank Times Black
"Up to 35% OFF (max. Rs.6,000)",YTICICIEMI,30-Jun-25,https://www.yatra.com/ythomepagecms/media/todayspick_hotels/2025/Apr/17c85727796b6e526edb3a07f8874ebb.jpg,https://www.yatra.com/offer/details/icici-bank-emi-offers,Adani One ICICI Signature
"Up to 35% OFF (max. Rs.6,000)",YTICICIEMI,30-Jun-25,https://www.yatra.com/ythomepagecms/media/todayspick_hotels/2025/Apr/17c85727796b6e526edb3a07f8874ebb.jpg,https://www.yatra.com/offer/details/icici-bank-emi-offers,Chennai Super Kings ICICI Bank
"Up to 35% OFF (max. Rs.6,000)",YTICICIEMI,30-Jun-25,https://www.yatra.com/ythomepagecms/media/todayspick_hotels/2025/Apr/17c85727796b6e526edb3a07f8874ebb.jpg,https://www.yatra.com/offer/details/icici-bank-emi-offers,.
"Up to 35% OFF (max. Rs.6,000)",YTICICIEMI,30-Jun-25,https://www.yatra.com/ythomepagecms/media/todayspick_hotels/2025/Apr/17c85727796b6e526edb3a07f8874ebb.jpg,https://www.yatra.com/offer/details/icici-bank-emi-offers,ICICI HPCL Coral
"Up to 35% OFF (max. Rs.6,000)",YTICICIEMI,30-Jun-25,https://www.yatra.com/ythomepagecms/media/todayspick_hotels/2025/Apr/17c85727796b6e526edb3a07f8874ebb.jpg,https://www.yatra.com/offer/details/icici-bank-emi-offers,ICICI Bank Coral Visa
"Up to 35% OFF (max. Rs.6,000)",YTICICIEMI,30-Jun-25,https://www.yatra.com/ythomepagecms/media/todayspick_hotels/2025/Apr/17c85727796b6e526edb3a07f8874ebb.jpg,https://www.yatra.com/offer/details/icici-bank-emi-offers,ICICI Bank Emeralde
"Up to 35% OFF (max. Rs.6,000)",YTICICIEMI,30-Jun-25,https://www.yatra.com/ythomepagecms/media/todayspick_hotels/2025/Apr/17c85727796b6e526edb3a07f8874ebb.jpg,https://www.yatra.com/offer/details/icici-bank-emi-offers,ICICI Parakram Select
"Up to 35% OFF (max. Rs.6,000)",YTICICIEMI,30-Jun-25,https://www.yatra.com/ythomepagecms/media/todayspick_hotels/2025/Apr/17c85727796b6e526edb3a07f8874ebb.jpg,https://www.yatra.com/offer/details/icici-bank-emi-offers,Emirates Skywards Rubyx
"Up to 35% OFF (max. Rs.6,000)",YTICICIEMI,30-Jun-25,https://www.yatra.com/ythomepagecms/media/todayspick_hotels/2025/Apr/17c85727796b6e526edb3a07f8874ebb.jpg,https://www.yatra.com/offer/details/icici-bank-emi-offers,ICICI Bank Sapphiro
"Up to 35% OFF (max. Rs.6,000)",YTICICIEMI,30-Jun-25,https://www.yatra.com/ythomepagecms/media/todayspick_hotels/2025/Apr/17c85727796b6e526edb3a07f8874ebb.jpg,https://www.yatra.com/offer/details/icici-bank-emi-offers,MakeMyTrip ICICI Bank Platinum
"Up to 35% OFF (max. Rs.6,000)",YTICICIEMI,30-Jun-25,https://www.yatra.com/ythomepagecms/media/todayspick_hotels/2025/Apr/17c85727796b6e526edb3a07f8874ebb.jpg,https://www.yatra.com/offer/details/icici-bank-emi-offers,MakeMyTrip ICICI Bank
"Up to 35% OFF (max. Rs.6,000)",YTICICIEMI,30-Jun-25,https://www.yatra.com/ythomepagecms/media/todayspick_hotels/2025/Apr/17c85727796b6e526edb3a07f8874ebb.jpg,https://www.yatra.com/offer/details/icici-bank-emi-offers,Platinum Chip
"Up to 35% OFF (max. Rs.6,000)",YTICICIEMI,30-Jun-25,https://www.yatra.com/ythomepagecms/media/todayspick_hotels/2025/Apr/17c85727796b6e526edb3a07f8874ebb.jpg,https://www.yatra.com/offer/details/icici-bank-emi-offers,MakeMyTrip ICICI Bank Signature
"Up to 35% OFF (max. Rs.6,000)",YTICICIEMI,30-Jun-25,https://www.yatra.com/ythomepagecms/media/todayspick_hotels/2025/Apr/17c85727796b6e526edb3a07f8874ebb.jpg,https://www.yatra.com/offer/details/icici-bank-emi-offers,Skywards ICICI Bank Emerald
"Up to 35% OFF (max. Rs.6,000)",YTICICIEMI,30-Jun-25,https://www.yatra.com/ythomepagecms/media/todayspick_hotels/2025/Apr/17c85727796b6e526edb3a07f8874ebb.jpg,https://www.yatra.com/offer/details/icici-bank-emi-offers,All ICICI Bank
"Up to 35% OFF (max. Rs.6,000)",YTICICIEMI,30-Jun-25,https://www.yatra.com/ythomepagecms/media/todayspick_hotels/2025/Apr/17c85727796b6e526edb3a07f8874ebb.jpg,https://www.yatra.com/offer/details/icici-bank-emi-offers,s except ICICI Amazon Pay
"Flat 15% OFF (max. Rs.2,500)",YRBOBCCEMI,30-Jun-25,https://www.yatra.com/ythomepagecms/media/todayspick_hotels/2025/Apr/c93a75c54fda87ea99654897dae92d94.jpg,https://www.yatra.com/offer/details/bank-of-baroda-emi-offers,PREMIER
"Flat 15% OFF (max. Rs.2,500)",YRBOBCCEMI,30-Jun-25,https://www.yatra.com/ythomepagecms/media/todayspick_hotels/2025/Apr/c93a75c54fda87ea99654897dae92d94.jpg,https://www.yatra.com/offer/details/bank-of-baroda-emi-offers,BOB Assure
"Flat 15% OFF (max. Rs.2,500)",YRBOBCCEMI,30-Jun-25,https://www.yatra.com/ythomepagecms/media/todayspick_hotels/2025/Apr/c93a75c54fda87ea99654897dae92d94.jpg,https://www.yatra.com/offer/details/bank-of-baroda-emi-offers,BOBCARD ETERNA
"Flat 15% OFF (max. Rs.2,500)",YRBOBCCEMI,30-Jun-25,https://www.yatra.com/ythomepagecms/media/todayspick_hotels/2025/Apr/c93a75c54fda87ea99654897dae92d94.jpg,https://www.yatra.com/offer/details/bank-of-baroda-emi-offers,Indian Navy VARUNAH Premium
"Flat 15% OFF (max. Rs.2,500)",YRBOBCCEMI,30-Jun-25,https://www.yatra.com/ythomepagecms/media/todayspick_hotels/2025/Apr/c93a75c54fda87ea99654897dae92d94.jpg,https://www.yatra.com/offer/details/bank-of-baroda-emi-offers,CMA ONE
"Flat 15% OFF (max. Rs.2,500)",YRBOBCCEMI,30-Jun-25,https://www.yatra.com/ythomepagecms/media/todayspick_hotels/2025/Apr/c93a75c54fda87ea99654897dae92d94.jpg,https://www.yatra.com/offer/details/bank-of-baroda-emi-offers,ETERNA
"Flat 15% OFF (max. Rs.2,500)",YRBOBCCEMI,30-Jun-25,https://www.yatra.com/ythomepagecms/media/todayspick_hotels/2025/Apr/c93a75c54fda87ea99654897dae92d94.jpg,https://www.yatra.com/offer/details/bank-of-baroda-emi-offers,ICSI DIAMOND
"Flat 15% OFF (max. Rs.2,500)",YRBOBCCEMI,30-Jun-25,https://www.yatra.com/ythomepagecms/media/todayspick_hotels/2025/Apr/c93a75c54fda87ea99654897dae92d94.jpg,https://www.yatra.com/offer/details/bank-of-baroda-emi-offers,EASY
"Flat 15% OFF (max. Rs.2,500)",YRBOBCCEMI,30-Jun-25,https://www.yatra.com/ythomepagecms/media/todayspick_hotels/2025/Apr/c93a75c54fda87ea99654897dae92d94.jpg,https://www.yatra.com/offer/details/bank-of-baroda-emi-offers,ICAI EXCLUSIVE
"Flat 15% OFF (max. Rs.2,500)",YRBOBCCEMI,30-Jun-25,https://www.yatra.com/ythomepagecms/media/todayspick_hotels/2025/Apr/c93a75c54fda87ea99654897dae92d94.jpg,https://www.yatra.com/offer/details/bank-of-baroda-emi-offers,Assam Rifles The SENTINEL
"Flat 15% OFF (max. Rs.2,500)",YRBOBCCEMI,30-Jun-25,https://www.yatra.com/ythomepagecms/media/todayspick_hotels/2025/Apr/c93a75c54fda87ea99654897dae92d94.jpg,https://www.yatra.com/offer/details/bank-of-baroda-emi-offers,Indian Army YODDHA
"Flat 15% OFF (max. Rs.2,500)",YRBOBCCEMI,30-Jun-25,https://www.yatra.com/ythomepagecms/media/todayspick_hotels/2025/Apr/c93a75c54fda87ea99654897dae92d94.jpg,https://www.yatra.com/offer/details/bank-of-baroda-emi-offers,HPCL BoB ENERGIE
"Flat 15% OFF (max. Rs.2,500)",YRBOBCCEMI,30-Jun-25,https://www.yatra.com/ythomepagecms/media/todayspick_hotels/2025/Apr/c93a75c54fda87ea99654897dae92d94.jpg,https://www.yatra.com/offer/details/bank-of-baroda-emi-offers,PRIME
"Flat 15% OFF (max. Rs.2,500)",YRBOBCCEMI,30-Jun-25,https://www.yatra.com/ythomepagecms/media/todayspick_hotels/2025/Apr/c93a75c54fda87ea99654897dae92d94.jpg,https://www.yatra.com/offer/details/bank-of-baroda-emi-offers,SWAVLAMBAN
"Flat 15% OFF (max. Rs.2,500)",YRBOBCCEMI,30-Jun-25,https://www.yatra.com/ythomepagecms/media/todayspick_hotels/2025/Apr/c93a75c54fda87ea99654897dae92d94.jpg,https://www.yatra.com/offer/details/bank-of-baroda-emi-offers,IRCTC BoB
"Flat 15% OFF (max. Rs.2,500)",YRBOBCCEMI,30-Jun-25,https://www.yatra.com/ythomepagecms/media/todayspick_hotels/2025/Apr/c93a75c54fda87ea99654897dae92d94.jpg,https://www.yatra.com/offer/details/bank-of-baroda-emi-offers,SNAPDEAL
"Flat 15% OFF (max. Rs.2,500)",YRBOBCCEMI,30-Jun-25,https://www.yatra.com/ythomepagecms/media/todayspick_hotels/2025/Apr/c93a75c54fda87ea99654897dae92d94.jpg,https://www.yatra.com/offer/details/bank-of-baroda-emi-offers,UNNATI
"Flat 15% OFF (max. Rs.2,500)",YRBOBCCEMI,30-Jun-25,https://www.yatra.com/ythomepagecms/media/todayspick_hotels/2025/Apr/c93a75c54fda87ea99654897dae92d94.jpg,https://www.yatra.com/offer/details/bank-of-baroda-emi-offers,Indian Coast Guard Rakshamah
"Flat 15% OFF (max. Rs.2,500)",YRBOBCCEMI,30-Jun-25,https://www.yatra.com/ythomepagecms/media/todayspick_hotels/2025/Apr/c93a75c54fda87ea99654897dae92d94.jpg,https://www.yatra.com/offer/details/bank-of-baroda-emi-offers,SELECT
"Up to 35% OFF (max. Rs.2,500)",IDFCEMI,30-Jun-25,https://www.yatra.com/ythomepagecms/media/todayspick_hotels/2025/Apr/616288ff221d12fc8da39ebb9e1d179c.jpg,https://www.yatra.com/offer/details/idfc-first-bank-emi-offer,IDFC Bank First Millennia
"Up to 35% OFF (max. Rs.2,500)",IDFCEMI,30-Jun-25,https://www.yatra.com/ythomepagecms/media/todayspick_hotels/2025/Apr/616288ff221d12fc8da39ebb9e1d179c.jpg,https://www.yatra.com/offer/details/idfc-first-bank-emi-offer,IDFC First Power RuPay
"Up to 35% OFF (max. Rs.2,500)",IDFCEMI,30-Jun-25,https://www.yatra.com/ythomepagecms/media/todayspick_hotels/2025/Apr/616288ff221d12fc8da39ebb9e1d179c.jpg,https://www.yatra.com/offer/details/idfc-first-bank-emi-offer,IDFC First Select
"Up to 35% OFF (max. Rs.2,500)",IDFCEMI,30-Jun-25,https://www.yatra.com/ythomepagecms/media/todayspick_hotels/2025/Apr/616288ff221d12fc8da39ebb9e1d179c.jpg,https://www.yatra.com/offer/details/idfc-first-bank-emi-offer,IDFC Bank First Classic
"Up to 35% OFF (max. Rs.2,500)",IDFCEMI,30-Jun-25,https://www.yatra.com/ythomepagecms/media/todayspick_hotels/2025/Apr/616288ff221d12fc8da39ebb9e1d179c.jpg,https://www.yatra.com/offer/details/idfc-first-bank-emi-offer,FIRST EARN RuPay
"Up to 35% OFF (max. Rs.2,500)",IDFCEMI,30-Jun-25,https://www.yatra.com/ythomepagecms/media/todayspick_hotels/2025/Apr/616288ff221d12fc8da39ebb9e1d179c.jpg,https://www.yatra.com/offer/details/idfc-first-bank-emi-offer,IDFC First Power+ RuPay
"Up to 35% OFF (max. Rs.2,500)",IDFCEMI,30-Jun-25,https://www.yatra.com/ythomepagecms/media/todayspick_hotels/2025/Apr/616288ff221d12fc8da39ebb9e1d179c.jpg,https://www.yatra.com/offer/details/idfc-first-bank-emi-offer,IDFC FIRST SWYP
"Up to 35% OFF (max. Rs.2,500)",IDFCEMI,30-Jun-25,https://www.yatra.com/ythomepagecms/media/todayspick_hotels/2025/Apr/616288ff221d12fc8da39ebb9e1d179c.jpg,https://www.yatra.com/offer/details/idfc-first-bank-emi-offer,IDFC Bank IDFC First Wealth
"Up to 35% OFF (max. Rs.2,500)",IDFCEMI,30-Jun-25,https://www.yatra.com/ythomepagecms/media/todayspick_hotels/2025/Apr/616288ff221d12fc8da39ebb9e1d179c.jpg,https://www.yatra.com/offer/details/idfc-first-bank-emi-offer,Mayura
"Up to 35% OFF (max. Rs.2,500)",IDFCEMI,30-Jun-25,https://www.yatra.com/ythomepagecms/media/todayspick_hotels/2025/Apr/616288ff221d12fc8da39ebb9e1d179c.jpg,https://www.yatra.com/offer/details/idfc-first-bank-emi-offer,IDFC First Bank First Private
"Up to 35% OFF (max. Rs.2,500)",IDFCEMI,30-Jun-25,https://www.yatra.com/ythomepagecms/media/todayspick_hotels/2025/Apr/616288ff221d12fc8da39ebb9e1d179c.jpg,https://www.yatra.com/offer/details/idfc-first-bank-emi-offer,Ashva
"Up to 35% OFF (max. Rs.2,500)",IDFCEMI,30-Jun-25,https://www.yatra.com/ythomepagecms/media/todayspick_hotels/2025/Apr/616288ff221d12fc8da39ebb9e1d179c.jpg,https://www.yatra.com/offer/details/idfc-first-bank-emi-offer,IDFC First Bank First Wow
"Up to 35% OFF (max. Rs.6,000)",KOTAKEMI,30-Jun-25,https://www.yatra.com/ythomepagecms/media/todayspick_hotels/2025/Apr/9b105172e1a666829ec39f13a3cc2bb2.jpg,https://www.yatra.com/offer/details/kotak-bank-emi-offers,Kotak 811 Dream Different
"Up to 35% OFF (max. Rs.6,000)",KOTAKEMI,30-Jun-25,https://www.yatra.com/ythomepagecms/media/todayspick_hotels/2025/Apr/9b105172e1a666829ec39f13a3cc2bb2.jpg,https://www.yatra.com/offer/details/kotak-bank-emi-offers,Kotak White
"Up to 35% OFF (max. Rs.6,000)",KOTAKEMI,30-Jun-25,https://www.yatra.com/ythomepagecms/media/todayspick_hotels/2025/Apr/9b105172e1a666829ec39f13a3cc2bb2.jpg,https://www.yatra.com/offer/details/kotak-bank-emi-offers,Kotak IndiGo 6E Rewards
"Up to 35% OFF (max. Rs.6,000)",KOTAKEMI,30-Jun-25,https://www.yatra.com/ythomepagecms/media/todayspick_hotels/2025/Apr/9b105172e1a666829ec39f13a3cc2bb2.jpg,https://www.yatra.com/offer/details/kotak-bank-emi-offers,Kotak Zen Signature
"Up to 35% OFF (max. Rs.6,000)",KOTAKEMI,30-Jun-25,https://www.yatra.com/ythomepagecms/media/todayspick_hotels/2025/Apr/9b105172e1a666829ec39f13a3cc2bb2.jpg,https://www.yatra.com/offer/details/kotak-bank-emi-offers,Myntra Kotak
"Up to 35% OFF (max. Rs.6,000)",KOTAKEMI,30-Jun-25,https://www.yatra.com/ythomepagecms/media/todayspick_hotels/2025/Apr/9b105172e1a666829ec39f13a3cc2bb2.jpg,https://www.yatra.com/offer/details/kotak-bank-emi-offers,Kotak IndiGo 6E Rewards XL
"Up to 35% OFF (max. Rs.6,000)",KOTAKEMI,30-Jun-25,https://www.yatra.com/ythomepagecms/media/todayspick_hotels/2025/Apr/9b105172e1a666829ec39f13a3cc2bb2.jpg,https://www.yatra.com/offer/details/kotak-bank-emi-offers,Kotak League Platinum
"Up to 35% OFF (max. Rs.6,000)",KOTAKEMI,30-Jun-25,https://www.yatra.com/ythomepagecms/media/todayspick_hotels/2025/Apr/9b105172e1a666829ec39f13a3cc2bb2.jpg,https://www.yatra.com/offer/details/kotak-bank-emi-offers,Indian Oil Kotak
"Up to 35% OFF (max. Rs.6,000)",KOTAKEMI,30-Jun-25,https://www.yatra.com/ythomepagecms/media/todayspick_hotels/2025/Apr/9b105172e1a666829ec39f13a3cc2bb2.jpg,https://www.yatra.com/offer/details/kotak-bank-emi-offers,Kotak Urbane Gold
"Up to 35% OFF (max. Rs.6,000)",KOTAKEMI,30-Jun-25,https://www.yatra.com/ythomepagecms/media/todayspick_hotels/2025/Apr/9b105172e1a666829ec39f13a3cc2bb2.jpg,https://www.yatra.com/offer/details/kotak-bank-emi-offers,Kotak 811
"Up to 35% OFF (max. Rs.6,000)",KOTAKEMI,30-Jun-25,https://www.yatra.com/ythomepagecms/media/todayspick_hotels/2025/Apr/9b105172e1a666829ec39f13a3cc2bb2.jpg,https://www.yatra.com/offer/details/kotak-bank-emi-offers,Kotak Mojo Platinum
"Up to 35% OFF (max. Rs.6,000)",KOTAKEMI,30-Jun-25,https://www.yatra.com/ythomepagecms/media/todayspick_hotels/2025/Apr/9b105172e1a666829ec39f13a3cc2bb2.jpg,https://www.yatra.com/offer/details/kotak-bank-emi-offers,PVR INOX Kotak
Jupiter UPI Cashback Offer ,,30-Jun-25,https://www.yatra.com/ythomepagecms/media/todayspick_hotels/2025/May/0acbb28bb0922d62c444c56dc9eccd5d.jpg,https://www.yatra.com/offer/details/jupiter-upi-rupay-credit-card-cashback-offer,Jupiter Edge Rupay
Jupiter UPI Cashback Offer ,,30-Jun-25,https://www.yatra.com/ythomepagecms/media/todayspick_hotels/2025/May/77180140ea05d87e3264fe6b2629eb88.jpg,https://www.yatra.com/offer/details/jupiter-upi-cashback-offer,Jupiter Edge Rupay
